-- MySQL Script generated by MySQL Workbench
-- Sat 07 Feb 2015 18:47:14 GMT
-- Model: New Model    Version: 1.0
-- MySQL Workbench Forward Engineering

SET @OLD_UNIQUE_CHECKS=@@UNIQUE_CHECKS, UNIQUE_CHECKS=0;
SET @OLD_FOREIGN_KEY_CHECKS=@@FOREIGN_KEY_CHECKS, FOREIGN_KEY_CHECKS=0;
SET @OLD_SQL_MODE=@@SQL_MODE, SQL_MODE='STRICT_TRANS_TABLES,NO_AUTO_CREATE_USER,NO_ENGINE_SUBSTITUTION';

-- -----------------------------------------------------
-- Schema cerberus
-- -----------------------------------------------------

-- -----------------------------------------------------
-- Table `Role`
-- -----------------------------------------------------
DROP TABLE IF EXISTS `Role` ;

CREATE TABLE IF NOT EXISTS `Role` (
  `id` INT(11) UNSIGNED NOT NULL AUTO_INCREMENT,
  `identifier` VARCHAR(127) NOT NULL,
  `name` VARCHAR(127) NOT NULL,
  `level` TINYINT(3) UNSIGNED NOT NULL,
  `inheritance` ENUM('standard','custom') NOT NULL DEFAULT 'standard',
  `type` ENUM('ApiAccount','Account','User') NOT NULL DEFAULT 'User',
  `status` ENUM('pending','active','inactive','suspended','deleted') NOT NULL DEFAULT 'active',
  `createdAt` TIMESTAMP NOT NULL DEFAULT '0000-00-00 00:00:00',
  `updatedAt` TIMESTAMP NULL DEFAULT now() on update now(),
  PRIMARY KEY (`id`),
  UNIQUE INDEX `identifier_UNIQUE` (`identifier` ASC))
ENGINE = InnoDB;


-- -----------------------------------------------------
-- Table `ApiAccount`
-- -----------------------------------------------------
DROP TABLE IF EXISTS `ApiAccount` ;

CREATE TABLE IF NOT EXISTS `ApiAccount` (
  `id` INT(11) UNSIGNED NOT NULL AUTO_INCREMENT,
  `authKey` CHAR(40) NOT NULL,
  `secret` CHAR(40) NOT NULL,
  `username` VARCHAR(127) NOT NULL,
  `status` ENUM('pending','active','inactive','suspended','deleted') NOT NULL,
  `roleId` INT(11) UNSIGNED NOT NULL,
  `createdAt` TIMESTAMP NOT NULL DEFAULT '0000-00-00 00:00:00',
  `updatedAt` TIMESTAMP NULL DEFAULT now() on update now(),
  PRIMARY KEY (`id`),
  INDEX `fk_ApiAccount_Role_idx` (`roleId` ASC),
  CONSTRAINT `fk_ApiAccount_Role`
    FOREIGN KEY (`roleId`)
    REFERENCES `Role` (`id`)
    ON DELETE NO ACTION
    ON UPDATE NO ACTION)
ENGINE = InnoDB;


-- -----------------------------------------------------
-- Table `Account`
-- -----------------------------------------------------
DROP TABLE IF EXISTS `Account` ;

CREATE TABLE IF NOT EXISTS `Account` (
  `id` INT(11) UNSIGNED NOT NULL AUTO_INCREMENT,
  `name` VARCHAR(255) NOT NULL,
  `status` ENUM('pending','active','inactive','suspended','deleted') NOT NULL,
  `apiAccountId` INT(11) UNSIGNED NOT NULL,
  `createdAt` TIMESTAMP NOT NULL DEFAULT '0000-00-00 00:00:00',
  `updatedAt` TIMESTAMP NULL DEFAULT now() on update now(),
  PRIMARY KEY (`id`),
  INDEX `fk_Account_ApiAccount1_idx` (`apiAccountId` ASC),
  CONSTRAINT `fk_Account_ApiAccount1`
    FOREIGN KEY (`apiAccountId`)
    REFERENCES `ApiAccount` (`id`)
    ON DELETE NO ACTION
    ON UPDATE NO ACTION)
ENGINE = InnoDB;


-- -----------------------------------------------------
-- Table `User`
-- -----------------------------------------------------
DROP TABLE IF EXISTS `User` ;

CREATE TABLE IF NOT EXISTS `User` (
  `id` INT(11) UNSIGNED NOT NULL AUTO_INCREMENT,
  `username` VARCHAR(255) NOT NULL,
  `password` VARCHAR(255) NOT NULL,
  `email` VARCHAR(255) NOT NULL,
  `firstName` VARCHAR(255) NOT NULL,
  `middleName` VARCHAR(255) NULL,
  `lastName` VARCHAR(255) NOT NULL,
  `avatar` VARCHAR(255) NULL,
  `status` ENUM('pending','active','inactive','suspended','deleted') NOT NULL,
  `roleId` INT(11) UNSIGNED NOT NULL,
  `accountId` INT(11) UNSIGNED NOT NULL,
  `createdAt` TIMESTAMP NOT NULL DEFAULT '0000-00-00 00:00:00',
  `updatedAt` TIMESTAMP NULL DEFAULT now() on update now(),
  PRIMARY KEY (`id`),
  INDEX `fk_User_Account1_idx` (`accountId` ASC),
  INDEX `fk_User_Role1_idx` (`roleId` ASC),
  UNIQUE INDEX `username_UNIQUE` (`username` ASC),
  CONSTRAINT `fk_User_Account1`
    FOREIGN KEY (`accountId`)
    REFERENCES `Account` (`id`)
    ON DELETE NO ACTION
    ON UPDATE NO ACTION,
  CONSTRAINT `fk_User_Role1`
    FOREIGN KEY (`roleId`)
    REFERENCES `Role` (`id`)
    ON DELETE NO ACTION
    ON UPDATE NO ACTION)
ENGINE = InnoDB;


-- -----------------------------------------------------
-- Table `Project`
-- -----------------------------------------------------
DROP TABLE IF EXISTS `Project` ;

CREATE TABLE IF NOT EXISTS `Project` (
  `id` INT(11) UNSIGNED NOT NULL AUTO_INCREMENT,
  `name` VARCHAR(255) NOT NULL,
  `code` VARCHAR(255) NOT NULL,
  `description` VARCHAR(255) NULL,
  `status` ENUM('pending','active','inactive','suspended','deleted') NOT NULL,
  `accountId` INT(11) UNSIGNED NOT NULL,
  `createdAt` TIMESTAMP NOT NULL DEFAULT '0000-00-00 00:00:00',
  `updatedAt` TIMESTAMP NULL DEFAULT now() on update now(),
  PRIMARY KEY (`id`),
  INDEX `fk_Project_Account1_idx` (`accountId` ASC),
  CONSTRAINT `fk_Project_Account1`
    FOREIGN KEY (`accountId`)
    REFERENCES `Account` (`id`)
    ON DELETE NO ACTION
    ON UPDATE NO ACTION)
ENGINE = InnoDB;


-- -----------------------------------------------------
-- Table `Board`
-- -----------------------------------------------------
DROP TABLE IF EXISTS `Board` ;

CREATE TABLE IF NOT EXISTS `Board` (
  `id` INT(11) UNSIGNED NOT NULL AUTO_INCREMENT,
  `name` VARCHAR(45) NOT NULL,
  `description` VARCHAR(45) NULL,
  `status` ENUM('pending','active','inactive','suspended','deleted') NOT NULL,
  `projectId` INT(11) UNSIGNED NOT NULL,
  `createdAt` TIMESTAMP NOT NULL DEFAULT '0000-00-00 00:00:00',
  `updatedAt` TIMESTAMP NULL DEFAULT now() on update now(),
  PRIMARY KEY (`id`),
  INDEX `fk_Board_Project1_idx` (`projectId` ASC),
  CONSTRAINT `fk_Board_Project1`
    FOREIGN KEY (`projectId`)
    REFERENCES `Project` (`id`)
    ON DELETE NO ACTION
    ON UPDATE NO ACTION)
ENGINE = InnoDB;


-- -----------------------------------------------------
-- Table `Lane`
-- -----------------------------------------------------
DROP TABLE IF EXISTS `Lane` ;

CREATE TABLE IF NOT EXISTS `Lane` (
  `id` INT(11) UNSIGNED NOT NULL AUTO_INCREMENT,
  `name` VARCHAR(45) NOT NULL,
  `description` VARCHAR(45) NULL,
  `sequenceNumber` TINYINT(4) NOT NULL,
  `status` ENUM('pending','active','inactive','suspended','deleted') NOT NULL,
  `boardId` INT(11) UNSIGNED NOT NULL,
  `createdAt` TIMESTAMP NOT NULL DEFAULT '0000-00-00 00:00:00',
  `updatedAt` TIMESTAMP NULL DEFAULT now() on update now(),
  PRIMARY KEY (`id`),
  INDEX `fk_Lane_Board1_idx` (`boardId` ASC),
  CONSTRAINT `fk_Lane_Board1`
    FOREIGN KEY (`boardId`)
    REFERENCES `Board` (`id`)
    ON DELETE NO ACTION
    ON UPDATE NO ACTION)
ENGINE = InnoDB;


-- -----------------------------------------------------
-- Table `TicketStatus`
-- -----------------------------------------------------
DROP TABLE IF EXISTS `TicketStatus` ;

CREATE TABLE IF NOT EXISTS `TicketStatus` (
  `id` INT(11) UNSIGNED NOT NULL AUTO_INCREMENT,
  `name` VARCHAR(255) NOT NULL,
  `description` VARCHAR(255) NULL,
  `status` ENUM('pending','active','inactive','suspended','deleted') NOT NULL,
  `createdAt` TIMESTAMP NOT NULL DEFAULT '0000-00-00 00:00:00',
  `updatedAt` TIMESTAMP NULL DEFAULT now() on update now(),
  PRIMARY KEY (`id`))
ENGINE = InnoDB;


-- -----------------------------------------------------
-- Table `Ticket`
-- -----------------------------------------------------
DROP TABLE IF EXISTS `Ticket` ;

CREATE TABLE IF NOT EXISTS `Ticket` (
  `id` INT(11) UNSIGNED NOT NULL AUTO_INCREMENT,
  `name` VARCHAR(255) NOT NULL,
  `description` TEXT NULL,
  `storyPoints` TINYINT(4) NULL,
  `creatorId` INT(11) UNSIGNED NOT NULL,
  `assigneeId` INT(11) UNSIGNED NOT NULL DEFAULT 1,
  `statusId` INT(11) UNSIGNED NOT NULL,
  `createdAt` TIMESTAMP NOT NULL DEFAULT '0000-00-00 00:00:00',
  `updatedAt` TIMESTAMP NULL DEFAULT now() on update now(),
  PRIMARY KEY (`id`),
  INDEX `fk_Ticket_User1_idx` (`creatorId` ASC),
  INDEX `fk_Ticket_User2_idx` (`assigneeId` ASC),
  INDEX `fk_Ticket_Status1_idx` (`statusId` ASC),
  CONSTRAINT `fk_Ticket_User1`
    FOREIGN KEY (`creatorId`)
    REFERENCES `User` (`id`)
    ON DELETE NO ACTION
    ON UPDATE NO ACTION,
  CONSTRAINT `fk_Ticket_User2`
    FOREIGN KEY (`assigneeId`)
    REFERENCES `User` (`id`)
    ON DELETE NO ACTION
    ON UPDATE NO ACTION,
  CONSTRAINT `fk_Ticket_Status1`
    FOREIGN KEY (`statusId`)
    REFERENCES `TicketStatus` (`id`)
    ON DELETE NO ACTION
    ON UPDATE NO ACTION)
ENGINE = InnoDB;


-- -----------------------------------------------------
-- Table `Sprint`
-- -----------------------------------------------------
DROP TABLE IF EXISTS `Sprint` ;

CREATE TABLE IF NOT EXISTS `Sprint` (
  `id` INT(11) UNSIGNED NOT NULL AUTO_INCREMENT,
  `name` VARCHAR(127) NOT NULL,
  `description` VARCHAR(255) NULL,
  `startDate` TIMESTAMP NULL,
  `endDate` TIMESTAMP NULL,
  `status` ENUM('pending','active','inactive','suspended','deleted') NOT NULL,
  `boardId` INT(11) UNSIGNED NOT NULL,
  `createdAt` TIMESTAMP NOT NULL DEFAULT '0000-00-00 00:00:00',
  `updatedAt` TIMESTAMP NULL DEFAULT now() on update now(),
  PRIMARY KEY (`id`),
  INDEX `fk_Sprint_Board1_idx` (`boardId` ASC),
  CONSTRAINT `fk_Sprint_Board1`
    FOREIGN KEY (`boardId`)
    REFERENCES `Board` (`id`)
    ON DELETE NO ACTION
    ON UPDATE NO ACTION)
ENGINE = InnoDB;


-- -----------------------------------------------------
-- Table `Comment`
-- -----------------------------------------------------
DROP TABLE IF EXISTS `Comment` ;

CREATE TABLE IF NOT EXISTS `Comment` (
  `id` INT(11) UNSIGNED NOT NULL AUTO_INCREMENT,
  `text` TEXT NOT NULL,
  `status` ENUM('pending','active','inactive','suspended','deleted') NOT NULL,
  `userId` INT(11) UNSIGNED NOT NULL,
  `ticketId` INT(11) UNSIGNED NOT NULL,
  `createdAt` TIMESTAMP NOT NULL DEFAULT '0000-00-00 00:00:00',
  `updatedAt` TIMESTAMP NULL DEFAULT now() on update now(),
  PRIMARY KEY (`id`),
  INDEX `fk_Comment_User1_idx` (`userId` ASC),
  INDEX `fk_Comment_Ticket1_idx` (`ticketId` ASC),
  CONSTRAINT `fk_Comment_User1`
    FOREIGN KEY (`userId`)
    REFERENCES `User` (`id`)
    ON DELETE NO ACTION
    ON UPDATE NO ACTION,
  CONSTRAINT `fk_Comment_Ticket1`
    FOREIGN KEY (`ticketId`)
    REFERENCES `Ticket` (`id`)
    ON DELETE NO ACTION
    ON UPDATE NO ACTION)
ENGINE = InnoDB;


-- -----------------------------------------------------
-- Table `TimeLog`
-- -----------------------------------------------------
DROP TABLE IF EXISTS `TimeLog` ;

CREATE TABLE IF NOT EXISTS `TimeLog` (
  `id` INT(11) UNSIGNED NOT NULL AUTO_INCREMENT,
  `name` VARCHAR(255) NULL,
  `description` VARCHAR(255) NULL,
  `startDate` TIMESTAMP NULL,
  `timeLogged` INT(11) UNSIGNED NOT NULL COMMENT 'Time spent in minutes',
  `status` ENUM('pending','active','inactive','suspended','deleted') NOT NULL,
  `userId` INT(11) UNSIGNED NOT NULL,
  `ticketId` INT(11) UNSIGNED NOT NULL,
  `createdAt` TIMESTAMP NOT NULL DEFAULT '0000-00-00 00:00:00',
  `updatedAt` TIMESTAMP NULL DEFAULT now() on update now(),
  PRIMARY KEY (`id`),
  INDEX `fk_TimeLog_Ticket1_idx` (`ticketId` ASC),
  INDEX `fk_TimeLog_User1_idx` (`userId` ASC),
  CONSTRAINT `fk_TimeLog_Ticket1`
    FOREIGN KEY (`ticketId`)
    REFERENCES `Ticket` (`id`)
    ON DELETE NO ACTION
    ON UPDATE NO ACTION,
  CONSTRAINT `fk_TimeLog_User1`
    FOREIGN KEY (`userId`)
    REFERENCES `User` (`id`)
    ON DELETE NO ACTION
    ON UPDATE NO ACTION)
ENGINE = InnoDB;


-- -----------------------------------------------------
-- Table `TicketLink`
-- -----------------------------------------------------
DROP TABLE IF EXISTS `TicketLink` ;

CREATE TABLE IF NOT EXISTS `TicketLink` (
  `id` INT(11) UNSIGNED NOT NULL AUTO_INCREMENT,
  `ticketId` INT(11) UNSIGNED NOT NULL,
  `projectId` INT(11) UNSIGNED NOT NULL,
  `boardId` INT(11) UNSIGNED NOT NULL,
  `sprintId` INT(11) UNSIGNED NULL,
  `laneId` INT(11) UNSIGNED NOT NULL,
  `createdAt` TIMESTAMP NOT NULL DEFAULT '0000-00-00 00:00:00',
  `updatedAt` TIMESTAMP NULL DEFAULT now() on update now(),
  PRIMARY KEY (`id`),
  INDEX `fk_TicketLink_Project1_idx` (`projectId` ASC),
  INDEX `fk_TicketLink_Ticket1_idx` (`ticketId` ASC),
  INDEX `fk_TicketLink_Lane1_idx` (`laneId` ASC),
  INDEX `fk_TicketLink_Sprint1_idx` (`sprintId` ASC),
  INDEX `fk_TicketLink_Board1_idx` (`boardId` ASC),
  UNIQUE INDEX `updatedAt_UNIQUE` (`updatedAt` ASC),
  CONSTRAINT `fk_TicketLink_Project1`
    FOREIGN KEY (`projectId`)
    REFERENCES `Project` (`id`)
    ON DELETE NO ACTION
    ON UPDATE NO ACTION,
  CONSTRAINT `fk_TicketLink_Ticket1`
    FOREIGN KEY (`ticketId`)
    REFERENCES `Ticket` (`id`)
    ON DELETE NO ACTION
    ON UPDATE NO ACTION,
  CONSTRAINT `fk_TicketLink_Lane1`
    FOREIGN KEY (`laneId`)
    REFERENCES `Lane` (`id`)
    ON DELETE NO ACTION
    ON UPDATE NO ACTION,
  CONSTRAINT `fk_TicketLink_Sprint1`
    FOREIGN KEY (`sprintId`)
    REFERENCES `Sprint` (`id`)
    ON DELETE NO ACTION
    ON UPDATE NO ACTION,
  CONSTRAINT `fk_TicketLink_Board1`
    FOREIGN KEY (`boardId`)
    REFERENCES `Board` (`id`)
    ON DELETE NO ACTION
    ON UPDATE NO ACTION)
ENGINE = InnoDB;


-- -----------------------------------------------------
-- Table `TicketActivity`
-- -----------------------------------------------------
DROP TABLE IF EXISTS `TicketActivity` ;

CREATE TABLE IF NOT EXISTS `TicketActivity` (
  `id` INT(11) UNSIGNED NOT NULL AUTO_INCREMENT,
  `ticketId` INT(11) UNSIGNED NOT NULL,
  `type` TINYINT(4) NOT NULL COMMENT 'Type of activity - creation, change etc.',
  `field` VARCHAR(255) NULL COMMENT 'Changed field name',
  `originalValue` TEXT NULL,
  `newValue` TEXT NULL,
  `userId` INT(11) UNSIGNED ZEROFILL NOT NULL,
  `createdAt` TIMESTAMP NOT NULL DEFAULT '0000-00-00 00:00:00',
  `updatedAt` TIMESTAMP NULL DEFAULT now() on update now(),
  PRIMARY KEY (`id`),
  INDEX `fk_TicketActivity_Ticket1_idx` (`ticketId` ASC),
  INDEX `fk_TicketActivity_User1_idx` (`userId` ASC),
  CONSTRAINT `fk_TicketActivity_Ticket1`
    FOREIGN KEY (`ticketId`)
    REFERENCES `Ticket` (`id`)
    ON DELETE NO ACTION
    ON UPDATE NO ACTION,
  CONSTRAINT `fk_TicketActivity_User1`
    FOREIGN KEY (`userId`)
    REFERENCES `User` (`id`)
    ON DELETE NO ACTION
    ON UPDATE NO ACTION)
ENGINE = InnoDB;


-- -----------------------------------------------------
-- Table `Tag`
-- -----------------------------------------------------
DROP TABLE IF EXISTS `Tag` ;

CREATE TABLE IF NOT EXISTS `Tag` (
  `id` INT(11) UNSIGNED NOT NULL AUTO_INCREMENT,
  `name` VARCHAR(255) NOT NULL,
  `description` TEXT NULL,
  `status` ENUM('pending','active','inactive','suspended','deleted') NOT NULL,
  `createdAt` TIMESTAMP NOT NULL DEFAULT '0000-00-00 00:00:00',
  `updatedAt` TIMESTAMP NULL DEFAULT now() on update now(),
  PRIMARY KEY (`id`),
  UNIQUE INDEX `name_UNIQUE` (`name` ASC))
ENGINE = InnoDB;


-- -----------------------------------------------------
-- Table `LaneTagLink`
-- -----------------------------------------------------
DROP TABLE IF EXISTS `LaneTagLink` ;

CREATE TABLE IF NOT EXISTS `LaneTagLink` (
  `id` INT(11) UNSIGNED NOT NULL AUTO_INCREMENT,
  `tagId` INT(11) UNSIGNED NOT NULL,
  `laneId` INT(11) UNSIGNED NOT NULL,
  `createdAt` TIMESTAMP NOT NULL DEFAULT '0000-00-00 00:00:00',
  `updatedAt` TIMESTAMP NULL DEFAULT now() on update now(),
  PRIMARY KEY (`id`),
  INDEX `fk_LaneTagLink_Tag1_idx` (`tagId` ASC),
  INDEX `fk_LaneTagLink_Lane1_idx` (`laneId` ASC),
  CONSTRAINT `fk_LaneTagLink_Tag1`
    FOREIGN KEY (`tagId`)
    REFERENCES `Tag` (`id`)
    ON DELETE NO ACTION
    ON UPDATE NO ACTION,
  CONSTRAINT `fk_LaneTagLink_Lane1`
    FOREIGN KEY (`laneId`)
    REFERENCES `Lane` (`id`)
    ON DELETE NO ACTION
    ON UPDATE NO ACTION)
ENGINE = InnoDB;


-- -----------------------------------------------------
-- Table `Service`
-- -----------------------------------------------------
DROP TABLE IF EXISTS `Service` ;

CREATE TABLE IF NOT EXISTS `Service` (
  `id` INT(11) UNSIGNED NOT NULL AUTO_INCREMENT,
  `name` VARCHAR(255) NOT NULL COMMENT 'Unique service name',
  `module` VARCHAR(255) NOT NULL COMMENT 'Name of module(package) to be loaded',
  `createdAt` TIMESTAMP NOT NULL DEFAULT '0000-00-00 00:00:00',
  `updatedAt` TIMESTAMP NULL DEFAULT now() on update now(),
  PRIMARY KEY (`id`))
ENGINE = InnoDB;


-- -----------------------------------------------------
-- Table `Route`
-- -----------------------------------------------------
DROP TABLE IF EXISTS `Route` ;

CREATE TABLE IF NOT EXISTS `Route` (
  `id` INT(11) UNSIGNED NOT NULL AUTO_INCREMENT,
  `name` VARCHAR(255) NOT NULL COMMENT 'Unique name of route - used to generate links',
  `uri` VARCHAR(255) NOT NULL COMMENT 'Route URI for example /courses',
  `type` ENUM('get', 'post', 'put', 'delete', 'header') NOT NULL,
  `handler` VARCHAR(255) NOT NULL COMMENT 'Handler(service) name used to handle request',
  `method` VARCHAR(255) NOT NULL COMMENT 'Service method used to handle request',
  `serviceId` INT(11) UNSIGNED NOT NULL,
  `createdAt` TIMESTAMP NOT NULL DEFAULT '0000-00-00 00:00:00',
  `updatedAt` TIMESTAMP NULL DEFAULT now() on update now(),
  PRIMARY KEY (`id`),
  INDEX `fk_Route_Service1_idx` (`serviceId` ASC),
  CONSTRAINT `fk_Route_Service1`
    FOREIGN KEY (`serviceId`)
    REFERENCES `Service` (`id`)
    ON DELETE NO ACTION
    ON UPDATE NO ACTION)
ENGINE = InnoDB;


-- -----------------------------------------------------
-- Table `RolePermission`
-- -----------------------------------------------------
DROP TABLE IF EXISTS `RolePermission` ;

CREATE TABLE IF NOT EXISTS `RolePermission` (
  `id` INT(11) UNSIGNED NOT NULL AUTO_INCREMENT,
  `identifier` VARCHAR(255) NOT NULL,
  `name` VARCHAR(255) NOT NULL,
  `type` ENUM('allow', 'deny') NOT NULL,
  `status` ENUM('active', 'deleted') NOT NULL,
  `createdAt` TIMESTAMP NOT NULL DEFAULT '0000-00-00 00:00:00',
  `updatedAt` TIMESTAMP NULL DEFAULT now() on update now(),
  PRIMARY KEY (`id`),
  UNIQUE INDEX `identifier_UNIQUE` (`identifier` ASC))
ENGINE = InnoDB;


-- -----------------------------------------------------
-- Table `RolePermissionLink`
-- -----------------------------------------------------
DROP TABLE IF EXISTS `RolePermissionLink` ;

CREATE TABLE IF NOT EXISTS `RolePermissionLink` (
  `roleId` INT(11) UNSIGNED NOT NULL,
  `rolePermissionId` INT(11) UNSIGNED NOT NULL,
  `createdAt` TIMESTAMP NOT NULL DEFAULT '0000-00-00 00:00:00',
  `updatedAt` TIMESTAMP NULL DEFAULT now() on update now(),
  INDEX `fk_RolePermissionLink_Role1_idx` (`roleId` ASC),
  INDEX `fk_RolePermissionLink_RolePermission1_idx` (`rolePermissionId` ASC),
  CONSTRAINT `fk_RolePermissionLink_Role1`
    FOREIGN KEY (`roleId`)
    REFERENCES `Role` (`id`)
    ON DELETE NO ACTION
    ON UPDATE NO ACTION,
  CONSTRAINT `fk_RolePermissionLink_RolePermission1`
    FOREIGN KEY (`rolePermissionId`)
    REFERENCES `RolePermission` (`id`)
    ON DELETE NO ACTION
    ON UPDATE NO ACTION)
ENGINE = InnoDB;


-- -----------------------------------------------------
-- View `RolesPermissionsSummary`
-- -----------------------------------------------------
DROP VIEW IF EXISTS `RolesPermissionsSummary` ;
CREATE OR REPLACE VIEW RolesPermissionsSummary AS
  SELECT
    r.identifier AS roleIdentifier, r.name AS roleName, r.level AS roleLevel,
    r.type AS roleType, r.inheritance AS roleInheritance,
    rp.identifier AS permissionIdentifier, rp.name AS permissionName,
    rp.type AS permissionType
  FROM Role AS r
    RIGHT JOIN RolePermissionLink as m2m ON r.id = m2m.roleId
    INNER JOIN RolePermission as rp ON m2m.rolePermissionId = rp.id
  ORDER BY roleLevel;

SET SQL_MODE=@OLD_SQL_MODE;
SET FOREIGN_KEY_CHECKS=@OLD_FOREIGN_KEY_CHECKS;
SET UNIQUE_CHECKS=@OLD_UNIQUE_CHECKS;

-- -----------------------------------------------------
-- Data for table `Role`
-- -----------------------------------------------------
START TRANSACTION;
INSERT INTO `Role` (`id`, `identifier`, `name`, `level`, `inheritance`, `type`, `status`, `createdAt`, `updatedAt`) VALUES (1, 'api-user', 'Api User', 1, 'standard', 'ApiAccount', 'active', DEFAULT, NULL);
INSERT INTO `Role` (`id`, `identifier`, `name`, `level`, `inheritance`, `type`, `status`, `createdAt`, `updatedAt`) VALUES (2, 'api-admin', 'Api Admin', 2, 'standard', 'ApiAccount', 'active', DEFAULT, NULL);
INSERT INTO `Role` (`id`, `identifier`, `name`, `level`, `inheritance`, `type`, `status`, `createdAt`, `updatedAt`) VALUES (3, 'account-user', 'Account User', 1, 'standard', 'User', 'active', DEFAULT, NULL);
INSERT INTO `Role` (`id`, `identifier`, `name`, `level`, `inheritance`, `type`, `status`, `createdAt`, `updatedAt`) VALUES (4, 'account-admin', 'Account Admin', 2, 'standard', 'User', 'active', DEFAULT, NULL);

COMMIT;


-- -----------------------------------------------------
-- Data for table `ApiAccount`
-- -----------------------------------------------------
START TRANSACTION;
INSERT INTO `ApiAccount` (`id`, `authKey`, `secret`, `username`, `status`, `roleId`, `createdAt`, `updatedAt`) VALUES (1, '65ac916fd02111e1e7a7bde413b66af3', 'bcb21452323e8eb9b0a9c0de4137e7d4', 'Kogo', 'active', 1, DEFAULT, NULL);
INSERT INTO `ApiAccount` (`id`, `authKey`, `secret`, `username`, `status`, `roleId`, `createdAt`, `updatedAt`) VALUES (2, '8e864a5a3e62a32bd04673311ad8147d', 'd3897dfe53fc74c736b4afa48796794f', 'Admin', 'active', 2, DEFAULT, NULL);

COMMIT;


-- -----------------------------------------------------
-- Data for table `Account`
-- -----------------------------------------------------
START TRANSACTION;
INSERT INTO `Account` (`id`, `name`, `status`, `apiAccountId`, `createdAt`, `updatedAt`) VALUES (1, 'HedonSoftware Limited', 'active', 1, DEFAULT, NULL);
INSERT INTO `Account` (`id`, `name`, `status`, `apiAccountId`, `createdAt`, `updatedAt`) VALUES (2, 'Company B', 'active', 1, DEFAULT, NULL);

COMMIT;


-- -----------------------------------------------------
-- Data for table `User`
-- -----------------------------------------------------
START TRANSACTION;
INSERT INTO `User` (`id`, `username`, `password`, `email`, `firstName`, `middleName`, `lastName`, `avatar`, `status`, `roleId`, `accountId`, `createdAt`, `updatedAt`) VALUES (DEFAULT, 'unknown', '', '', 'Unknown', NULL, 'Unknown', '/static/images/avatars/00.png', 'active', 3, 1, DEFAULT, NULL);
INSERT INTO `User` (`id`, `username`, `password`, `email`, `firstName`, `middleName`, `lastName`, `avatar`, `status`, `roleId`, `accountId`, `createdAt`, `updatedAt`) VALUES (DEFAULT, 'fernald.schimmel', '632144b822d2e62e1cfa7857cf8730d480b99026', 'fernald.schimmel@hedonsoftware.com', 'Fernald', NULL, 'Schimmel', '/static/images/avatars/01.png', 'active', 4, 1, DEFAULT, NULL);
INSERT INTO `User` (`id`, `username`, `password`, `email`, `firstName`, `middleName`, `lastName`, `avatar`, `status`, `roleId`, `accountId`, `createdAt`, `updatedAt`) VALUES (DEFAULT, 'dalla.lehmbeck', '632144b822d2e62e1cfa7857cf8730d480b99026', 'dalla.lehmbeck@hedonsoftware.com', 'Dalla', NULL, 'Lehmbeck', '/static/images/avatars/02.png', 'active', 4, 1, DEFAULT, NULL);
INSERT INTO `User` (`id`, `username`, `password`, `email`, `firstName`, `middleName`, `lastName`, `avatar`, `status`, `roleId`, `accountId`, `createdAt`, `updatedAt`) VALUES (DEFAULT, 'hamlin.keul', '6accdad680d6b4bdd7261e5ba71ffd9c3a8a3ec0', 'hamlin.keul@hedonsoftware.com', 'Hamlin', 'J', 'Keul', '/static/images/avatars/03.png', 'active', 3, 1, DEFAULT, NULL);
INSERT INTO `User` (`id`, `username`, `password`, `email`, `firstName`, `middleName`, `lastName`, `avatar`, `status`, `roleId`, `accountId`, `createdAt`, `updatedAt`) VALUES (DEFAULT, 'mina.hernadi', '6accdad680d6b4bdd7261e5ba71ffd9c3a8a3ec0', 'mina.hernadi@hedonsoftware.com', 'Mina', 'D', 'Hernadi', '/static/images/avatars/04.png', 'active', 3, 1, DEFAULT, NULL);
INSERT INTO `User` (`id`, `username`, `password`, `email`, `firstName`, `middleName`, `lastName`, `avatar`, `status`, `roleId`, `accountId`, `createdAt`, `updatedAt`) VALUES (DEFAULT, 'branco.rosenfield', '6accdad680d6b4bdd7261e5ba71ffd9c3a8a3ec0', 'branco.rosenfield@hedonsoftware.com', 'Branco', NULL, 'Rosenfield', '/static/images/avatars/05.png', 'active', 3, 1, DEFAULT, NULL);
INSERT INTO `User` (`id`, `username`, `password`, `email`, `firstName`, `middleName`, `lastName`, `avatar`, `status`, `roleId`, `accountId`, `createdAt`, `updatedAt`) VALUES (DEFAULT, 'merritt.aguilera', '6accdad680d6b4bdd7261e5ba71ffd9c3a8a3ec0', 'merritt.aguilera@hedonsoftware.com', 'Merritt', NULL, 'Aguilera', '/static/images/avatars/06.png', 'active', 3, 1, DEFAULT, NULL);
INSERT INTO `User` (`id`, `username`, `password`, `email`, `firstName`, `middleName`, `lastName`, `avatar`, `status`, `roleId`, `accountId`, `createdAt`, `updatedAt`) VALUES (DEFAULT, 'dahlberg.reindl', '6accdad680d6b4bdd7261e5ba71ffd9c3a8a3ec0', 'dahlberg.reindl@hedonsoftware.com', 'Dahlberg', NULL, 'Reindl', '/static/images/avatars/07.png', 'active', 3, 1, DEFAULT, NULL);
INSERT INTO `User` (`id`, `username`, `password`, `email`, `firstName`, `middleName`, `lastName`, `avatar`, `status`, `roleId`, `accountId`, `createdAt`, `updatedAt`) VALUES (DEFAULT, 'zaitlin.soltan', '6accdad680d6b4bdd7261e5ba71ffd9c3a8a3ec0', 'zaitlin.soltan@hedonsoftware.com', 'Zaitlin', NULL, 'Soltan', '/static/images/avatars/08.png', 'active', 3, 1, DEFAULT, NULL);
INSERT INTO `User` (`id`, `username`, `password`, `email`, `firstName`, `middleName`, `lastName`, `avatar`, `status`, `roleId`, `accountId`, `createdAt`, `updatedAt`) VALUES (DEFAULT, 'guss.zombeck', '6accdad680d6b4bdd7261e5ba71ffd9c3a8a3ec0', 'guss.zombeck@hedonsoftware.com', 'Guss', NULL, 'Zombeck', '/static/images/avatars/09.png', 'active', 3, 1, DEFAULT, NULL);
INSERT INTO `User` (`id`, `username`, `password`, `email`, `firstName`, `middleName`, `lastName`, `avatar`, `status`, `roleId`, `accountId`, `createdAt`, `updatedAt`) VALUES (DEFAULT, 'edelman.schaefer', '6accdad680d6b4bdd7261e5ba71ffd9c3a8a3ec0', 'edelman.schaefer@hedonsoftware.com', 'Edelman', NULL, 'Schaefer', '/static/images/avatars/10.png', 'active', 3, 1, DEFAULT, NULL);
INSERT INTO `User` (`id`, `username`, `password`, `email`, `firstName`, `middleName`, `lastName`, `avatar`, `status`, `roleId`, `accountId`, `createdAt`, `updatedAt`) VALUES (DEFAULT, 'horgan.madore', '6accdad680d6b4bdd7261e5ba71ffd9c3a8a3ec0', 'horgan.madore@hedonsoftware.com', 'Horgan', 'Fearnley', 'Madore', '/static/images/avatars/11.png', 'active', 3, 1, DEFAULT, NULL);
INSERT INTO `User` (`id`, `username`, `password`, `email`, `firstName`, `middleName`, `lastName`, `avatar`, `status`, `roleId`, `accountId`, `createdAt`, `updatedAt`) VALUES (DEFAULT, 'hanlon.sheaoconnor', '6accdad680d6b4bdd7261e5ba71ffd9c3a8a3ec0', 'hanlon.sheaoconnor@hedonsoftware.com', 'Hanlon', NULL, 'Shea-o\'connor', '/static/images/avatars/12.png', 'active', 3, 1, DEFAULT, NULL);
INSERT INTO `User` (`id`, `username`, `password`, `email`, `firstName`, `middleName`, `lastName`, `avatar`, `status`, `roleId`, `accountId`, `createdAt`, `updatedAt`) VALUES (DEFAULT, 'athanassakis.linehan', '6accdad680d6b4bdd7261e5ba71ffd9c3a8a3ec0', 'athanassakis.linehan@hedonsoftware.com', 'Athanassakis', NULL, 'Linehan', '/static/images/avatars/13.png', 'active', 3, 1, DEFAULT, NULL);
INSERT INTO `User` (`id`, `username`, `password`, `email`, `firstName`, `middleName`, `lastName`, `avatar`, `status`, `roleId`, `accountId`, `createdAt`, `updatedAt`) VALUES (DEFAULT, 'pearce.nagaran', '6accdad680d6b4bdd7261e5ba71ffd9c3a8a3ec0', 'pearce.nagaran@hedonsoftware.com', 'Pearce', NULL, 'Nagaran', '/static/images/avatars/14.png', 'active', 3, 1, DEFAULT, NULL);
INSERT INTO `User` (`id`, `username`, `password`, `email`, `firstName`, `middleName`, `lastName`, `avatar`, `status`, `roleId`, `accountId`, `createdAt`, `updatedAt`) VALUES (DEFAULT, 'jardetzky.gallucio', '6accdad680d6b4bdd7261e5ba71ffd9c3a8a3ec0', 'jardetzky.gallucio@hedonsoftware.com', 'Jardetzky', NULL, 'Gallucio', '/static/images/avatars/15.png', 'active', 3, 1, DEFAULT, NULL);
INSERT INTO `User` (`id`, `username`, `password`, `email`, `firstName`, `middleName`, `lastName`, `avatar`, `status`, `roleId`, `accountId`, `createdAt`, `updatedAt`) VALUES (DEFAULT, 'blanchette.chiozzi', '6accdad680d6b4bdd7261e5ba71ffd9c3a8a3ec0', 'blanchette.chiozzi@hedonsoftware.com', 'Blanchette', NULL, 'Chiozzi', '/static/images/avatars/16.png', 'active', 3, 1, DEFAULT, NULL);
INSERT INTO `User` (`id`, `username`, `password`, `email`, `firstName`, `middleName`, `lastName`, `avatar`, `status`, `roleId`, `accountId`, `createdAt`, `updatedAt`) VALUES (DEFAULT, 'rothbard.turrall', '6accdad680d6b4bdd7261e5ba71ffd9c3a8a3ec0', 'rothbard.turrall@hedonsoftware.com', 'Rothbard', NULL, 'Turrall', '/static/images/avatars/17.png', 'active', 3, 1, DEFAULT, NULL);
INSERT INTO `User` (`id`, `username`, `password`, `email`, `firstName`, `middleName`, `lastName`, `avatar`, `status`, `roleId`, `accountId`, `createdAt`, `updatedAt`) VALUES (DEFAULT, 'joensen.mortera', '6accdad680d6b4bdd7261e5ba71ffd9c3a8a3ec0', 'joensen.mortera@hedonsoftware.com', 'Joensen', NULL, 'Mortera', '/static/images/avatars/18.png', 'active', 3, 1, DEFAULT, NULL);
INSERT INTO `User` (`id`, `username`, `password`, `email`, `firstName`, `middleName`, `lastName`, `avatar`, `status`, `roleId`, `accountId`, `createdAt`, `updatedAt`) VALUES (DEFAULT, 'ibarra.tocqueville', '6accdad680d6b4bdd7261e5ba71ffd9c3a8a3ec0', 'ibarra.tocqueville@hedonsoftware.com', 'Ibarra', NULL, 'Tocqueville', '/static/images/avatars/19.png', 'active', 3, 1, DEFAULT, NULL);
INSERT INTO `User` (`id`, `username`, `password`, `email`, `firstName`, `middleName`, `lastName`, `avatar`, `status`, `roleId`, `accountId`, `createdAt`, `updatedAt`) VALUES (DEFAULT, 'sheerr.strugnell', '6accdad680d6b4bdd7261e5ba71ffd9c3a8a3ec0', 'sheerr.strugnell@hedonsoftware.com', 'Sheerr', NULL, 'Strugnell', '/static/images/avatars/20.png', 'active', 3, 1, DEFAULT, NULL);
INSERT INTO `User` (`id`, `username`, `password`, `email`, `firstName`, `middleName`, `lastName`, `avatar`, `status`, `roleId`, `accountId`, `createdAt`, `updatedAt`) VALUES (DEFAULT, 'sauchuk.dandria', '6accdad680d6b4bdd7261e5ba71ffd9c3a8a3ec0', 'sauchuk.dandria@hedonsoftware.com', 'Sauchuk', NULL, 'D\'andria', '/static/images/avatars/21.png', 'active', 3, 1, DEFAULT, NULL);
INSERT INTO `User` (`id`, `username`, `password`, `email`, `firstName`, `middleName`, `lastName`, `avatar`, `status`, `roleId`, `accountId`, `createdAt`, `updatedAt`) VALUES (DEFAULT, 'kieran.brouillard', '6accdad680d6b4bdd7261e5ba71ffd9c3a8a3ec0', 'kieran.brouillard@hedonsoftware.com', 'Kieran', NULL, 'Brouillard', '/static/images/avatars/22.png', 'active', 3, 1, DEFAULT, NULL);
INSERT INTO `User` (`id`, `username`, `password`, `email`, `firstName`, `middleName`, `lastName`, `avatar`, `status`, `roleId`, `accountId`, `createdAt`, `updatedAt`) VALUES (DEFAULT, 'nezzer.heskett', '6accdad680d6b4bdd7261e5ba71ffd9c3a8a3ec0', 'nezzer.heskett@hedonsoftware.com', 'Nezzer', NULL, 'Heskett', '/static/images/avatars/23.png', 'active', 3, 1, DEFAULT, NULL);
INSERT INTO `User` (`id`, `username`, `password`, `email`, `firstName`, `middleName`, `lastName`, `avatar`, `status`, `roleId`, `accountId`, `createdAt`, `updatedAt`) VALUES (DEFAULT, 'coxson.streiff', '6accdad680d6b4bdd7261e5ba71ffd9c3a8a3ec0', 'coxson.streiff@hedonsoftware.com', 'Coxson', NULL, 'Streiff', '/static/images/avatars/24.png', 'active', 3, 1, DEFAULT, NULL);
INSERT INTO `User` (`id`, `username`, `password`, `email`, `firstName`, `middleName`, `lastName`, `avatar`, `status`, `roleId`, `accountId`, `createdAt`, `updatedAt`) VALUES (DEFAULT, 'orson.carte', '6accdad680d6b4bdd7261e5ba71ffd9c3a8a3ec0', 'orson.carte@hedonsoftware.com', 'Orson', NULL, 'Carte', '/static/images/avatars/25.png', 'active', 3, 1, DEFAULT, NULL);
INSERT INTO `User` (`id`, `username`, `password`, `email`, `firstName`, `middleName`, `lastName`, `avatar`, `status`, `roleId`, `accountId`, `createdAt`, `updatedAt`) VALUES (DEFAULT, 'ray.gunn', '6accdad680d6b4bdd7261e5ba71ffd9c3a8a3ec0', 'ray.gunn@hedonsoftware.com', 'Ray', NULL, 'Gunn', '/static/images/avatars/26.png', 'active', 3, 1, DEFAULT, NULL);
INSERT INTO `User` (`id`, `username`, `password`, `email`, `firstName`, `middleName`, `lastName`, `avatar`, `status`, `roleId`, `accountId`, `createdAt`, `updatedAt`) VALUES (DEFAULT, 'biff.wellington', '6accdad680d6b4bdd7261e5ba71ffd9c3a8a3ec0', 'biff.wellington@hedonsoftware.com', 'Biff', NULL, 'Wellington', '/static/images/avatars/27.png', 'active', 3, 1, DEFAULT, NULL);
INSERT INTO `User` (`id`, `username`, `password`, `email`, `firstName`, `middleName`, `lastName`, `avatar`, `status`, `roleId`, `accountId`, `createdAt`, `updatedAt`) VALUES (DEFAULT, 'earl.bird', '6accdad680d6b4bdd7261e5ba71ffd9c3a8a3ec0', 'earl.bird@hedonsoftware.com', 'Earl', 'E', 'Bird', '/static/images/avatars/28.png', 'active', 3, 1, DEFAULT, NULL);
INSERT INTO `User` (`id`, `username`, `password`, `email`, `firstName`, `middleName`, `lastName`, `avatar`, `status`, `roleId`, `accountId`, `createdAt`, `updatedAt`) VALUES (DEFAULT, 'jo.king', '6accdad680d6b4bdd7261e5ba71ffd9c3a8a3ec0', 'jo.king@hedonsoftware.com', 'Jo', NULL, 'King', '/static/images/avatars/29.png', 'active', 3, 1, DEFAULT, NULL);
INSERT INTO `User` (`id`, `username`, `password`, `email`, `firstName`, `middleName`, `lastName`, `avatar`, `status`, `roleId`, `accountId`, `createdAt`, `updatedAt`) VALUES (DEFAULT, 'marcus.glover', '6accdad680d6b4bdd7261e5ba71ffd9c3a8a3ec0', 'marcus.glover@hedonsoftware.com', 'Marcus', NULL, 'Glover', '/static/images/avatars/30.png', 'active', 3, 1, DEFAULT, NULL);
INSERT INTO `User` (`id`, `username`, `password`, `email`, `firstName`, `middleName`, `lastName`, `avatar`, `status`, `roleId`, `accountId`, `createdAt`, `updatedAt`) VALUES (DEFAULT, 'duane.bowman', '6accdad680d6b4bdd7261e5ba71ffd9c3a8a3ec0', 'fernald.schimmel@hedonsoftware.com', 'Duane', NULL, 'Bowman', '/static/images/avatars/31.png', 'active', 3, 1, DEFAULT, NULL);
INSERT INTO `User` (`id`, `username`, `password`, `email`, `firstName`, `middleName`, `lastName`, `avatar`, `status`, `roleId`, `accountId`, `createdAt`, `updatedAt`) VALUES (DEFAULT, 'nathan.frazier', '6accdad680d6b4bdd7261e5ba71ffd9c3a8a3ec0', 'fernald.schimmel@hedonsoftware.com', 'Nathan', NULL, 'Frazier', '/static/images/avatars/32.png', 'active', 3, 1, DEFAULT, NULL);
INSERT INTO `User` (`id`, `username`, `password`, `email`, `firstName`, `middleName`, `lastName`, `avatar`, `status`, `roleId`, `accountId`, `createdAt`, `updatedAt`) VALUES (DEFAULT, 'amos.davis', '6accdad680d6b4bdd7261e5ba71ffd9c3a8a3ec0', 'fernald.schimmel@hedonsoftware.com', 'Amos', NULL, 'Davis', '/static/images/avatars/33.png', 'active', 3, 1, DEFAULT, NULL);
INSERT INTO `User` (`id`, `username`, `password`, `email`, `firstName`, `middleName`, `lastName`, `avatar`, `status`, `roleId`, `accountId`, `createdAt`, `updatedAt`) VALUES (DEFAULT, 'julius.martinez', '6accdad680d6b4bdd7261e5ba71ffd9c3a8a3ec0', 'fernald.schimmel@hedonsoftware.com', 'Julius', NULL, 'Martinez', '/static/images/avatars/34.png', 'active', 3, 1, DEFAULT, NULL);
INSERT INTO `User` (`id`, `username`, `password`, `email`, `firstName`, `middleName`, `lastName`, `avatar`, `status`, `roleId`, `accountId`, `createdAt`, `updatedAt`) VALUES (DEFAULT, 'kristy.daniel', '6accdad680d6b4bdd7261e5ba71ffd9c3a8a3ec0', 'fernald.schimmel@hedonsoftware.com', 'Kristy', NULL, 'Daniel', '/static/images/avatars/35.png', 'active', 3, 1, DEFAULT, NULL);
INSERT INTO `User` (`id`, `username`, `password`, `email`, `firstName`, `middleName`, `lastName`, `avatar`, `status`, `roleId`, `accountId`, `createdAt`, `updatedAt`) VALUES (DEFAULT, 'marvin.park', '6accdad680d6b4bdd7261e5ba71ffd9c3a8a3ec0', 'fernald.schimmel@hedonsoftware.com', 'Marvin', NULL, 'Park', '/static/images/avatars/36.png', 'active', 3, 1, DEFAULT, NULL);
INSERT INTO `User` (`id`, `username`, `password`, `email`, `firstName`, `middleName`, `lastName`, `avatar`, `status`, `roleId`, `accountId`, `createdAt`, `updatedAt`) VALUES (DEFAULT, 'lucy.miles', '6accdad680d6b4bdd7261e5ba71ffd9c3a8a3ec0', 'fernald.schimmel@hedonsoftware.com', 'Lucy', NULL, 'Miles', '/static/images/avatars/37.png', 'active', 3, 1, DEFAULT, NULL);
INSERT INTO `User` (`id`, `username`, `password`, `email`, `firstName`, `middleName`, `lastName`, `avatar`, `status`, `roleId`, `accountId`, `createdAt`, `updatedAt`) VALUES (DEFAULT, 'doris.carpenter', '6accdad680d6b4bdd7261e5ba71ffd9c3a8a3ec0', 'fernald.schimmel@hedonsoftware.com', 'Doris', NULL, 'Carpenter', '/static/images/avatars/38.png', 'active', 3, 1, DEFAULT, NULL);
INSERT INTO `User` (`id`, `username`, `password`, `email`, `firstName`, `middleName`, `lastName`, `avatar`, `status`, `roleId`, `accountId`, `createdAt`, `updatedAt`) VALUES (DEFAULT, 'jamie.guzman', '6accdad680d6b4bdd7261e5ba71ffd9c3a8a3ec0', 'fernald.schimmel@hedonsoftware.com', 'Jamie', NULL, 'Guzman', '/static/images/avatars/39.png', 'active', 3, 1, DEFAULT, NULL);
INSERT INTO `User` (`id`, `username`, `password`, `email`, `firstName`, `middleName`, `lastName`, `avatar`, `status`, `roleId`, `accountId`, `createdAt`, `updatedAt`) VALUES (DEFAULT, 'henry.gonzales', '6accdad680d6b4bdd7261e5ba71ffd9c3a8a3ec0', 'fernald.schimmel@hedonsoftware.com', 'Henry', NULL, 'Gonzales', '/static/images/avatars/40.png', 'active', 3, 1, DEFAULT, NULL);
INSERT INTO `User` (`id`, `username`, `password`, `email`, `firstName`, `middleName`, `lastName`, `avatar`, `status`, `roleId`, `accountId`, `createdAt`, `updatedAt`) VALUES (DEFAULT, 'leo.payne', '6accdad680d6b4bdd7261e5ba71ffd9c3a8a3ec0', 'leopayne@hedonsoftware.com', 'Leo', NULL, 'Payne', '/static/images/avatars/41.png', 'active', 3, 1, DEFAULT, NULL);
INSERT INTO `User` (`id`, `username`, `password`, `email`, `firstName`, `middleName`, `lastName`, `avatar`, `status`, `roleId`, `accountId`, `createdAt`, `updatedAt`) VALUES (DEFAULT, 'becky.hawkins', '6accdad680d6b4bdd7261e5ba71ffd9c3a8a3ec0', 'beckyhawkins@hedonsoftware.com', 'Becky', NULL, 'Hawkins', '/static/images/avatars/42.png', 'active', 3, 1, DEFAULT, NULL);
INSERT INTO `User` (`id`, `username`, `password`, `email`, `firstName`, `middleName`, `lastName`, `avatar`, `status`, `roleId`, `accountId`, `createdAt`, `updatedAt`) VALUES (DEFAULT, 'patti.holloway', '6accdad680d6b4bdd7261e5ba71ffd9c3a8a3ec0', 'pattiholloway@hedonsoftware.com', 'Patti', NULL, 'Holloway', '/static/images/avatars/43.png', 'active', 3, 1, DEFAULT, NULL);
INSERT INTO `User` (`id`, `username`, `password`, `email`, `firstName`, `middleName`, `lastName`, `avatar`, `status`, `roleId`, `accountId`, `createdAt`, `updatedAt`) VALUES (DEFAULT, 'edmund.bass', '6accdad680d6b4bdd7261e5ba71ffd9c3a8a3ec0', 'edmundbass@hedonsoftware.com', 'Edmund', NULL, 'Bass', '/static/images/avatars/44.png', 'active', 3, 1, DEFAULT, NULL);
INSERT INTO `User` (`id`, `username`, `password`, `email`, `firstName`, `middleName`, `lastName`, `avatar`, `status`, `roleId`, `accountId`, `createdAt`, `updatedAt`) VALUES (DEFAULT, 'clyde.sanders', '6accdad680d6b4bdd7261e5ba71ffd9c3a8a3ec0', 'clydesanders@hedonsoftware.com', 'Clyde', NULL, 'Sanders', '/static/images/avatars/45.png', 'active', 3, 1, DEFAULT, NULL);
INSERT INTO `User` (`id`, `username`, `password`, `email`, `firstName`, `middleName`, `lastName`, `avatar`, `status`, `roleId`, `accountId`, `createdAt`, `updatedAt`) VALUES (DEFAULT, 'tami.silva', '6accdad680d6b4bdd7261e5ba71ffd9c3a8a3ec0', 'tamisilva@hedonsoftware.com', 'Tami', NULL, 'Silva', '/static/images/avatars/46.png', 'active', 3, 1, DEFAULT, NULL);
INSERT INTO `User` (`id`, `username`, `password`, `email`, `firstName`, `middleName`, `lastName`, `avatar`, `status`, `roleId`, `accountId`, `createdAt`, `updatedAt`) VALUES (DEFAULT, 'freda.mcbride', '6accdad680d6b4bdd7261e5ba71ffd9c3a8a3ec0', 'fredamcbride@hedonsoftware.com', 'Freda', NULL, 'Mcbride', '/static/images/avatars/47.png', 'active', 3, 1, DEFAULT, NULL);
INSERT INTO `User` (`id`, `username`, `password`, `email`, `firstName`, `middleName`, `lastName`, `avatar`, `status`, `roleId`, `accountId`, `createdAt`, `updatedAt`) VALUES (DEFAULT, 'donnie.mills', '6accdad680d6b4bdd7261e5ba71ffd9c3a8a3ec0', 'donniemills@hedonsoftware.com', 'Donnie', NULL, 'Mills', '/static/images/avatars/48.png', 'active', 3, 1, DEFAULT, NULL);
INSERT INTO `User` (`id`, `username`, `password`, `email`, `firstName`, `middleName`, `lastName`, `avatar`, `status`, `roleId`, `accountId`, `createdAt`, `updatedAt`) VALUES (DEFAULT, 'marc.farmer', '6accdad680d6b4bdd7261e5ba71ffd9c3a8a3ec0', 'marcfarmer@hedonsoftware.com', 'Marc', NULL, 'Farmer', '/static/images/avatars/49.png', 'active', 3, 1, DEFAULT, NULL);
INSERT INTO `User` (`id`, `username`, `password`, `email`, `firstName`, `middleName`, `lastName`, `avatar`, `status`, `roleId`, `accountId`, `createdAt`, `updatedAt`) VALUES (DEFAULT, 'thomas.clayton', '6accdad680d6b4bdd7261e5ba71ffd9c3a8a3ec0', 'thomasclayton@hedonsoftware.com', 'Thomas', NULL, 'Clayton', '/static/images/avatars/50.png', 'active', 3, 1, DEFAULT, NULL);
INSERT INTO `User` (`id`, `username`, `password`, `email`, `firstName`, `middleName`, `lastName`, `avatar`, `status`, `roleId`, `accountId`, `createdAt`, `updatedAt`) VALUES (DEFAULT, 'saul.klein', '6accdad680d6b4bdd7261e5ba71ffd9c3a8a3ec0', 'saulklein@hedonsoftware.com', 'Saul', NULL, 'Klein', '/static/images/avatars/51.png', 'active', 3, 1, DEFAULT, NULL);
INSERT INTO `User` (`id`, `username`, `password`, `email`, `firstName`, `middleName`, `lastName`, `avatar`, `status`, `roleId`, `accountId`, `createdAt`, `updatedAt`) VALUES (DEFAULT, 'geraldine.hernandez', '6accdad680d6b4bdd7261e5ba71ffd9c3a8a3ec0', 'geraldinehernandez@hedonsoftware.com', 'Geraldine', NULL, 'Hernandez', '/static/images/avatars/52.png', 'active', 3, 1, DEFAULT, NULL);
INSERT INTO `User` (`id`, `username`, `password`, `email`, `firstName`, `middleName`, `lastName`, `avatar`, `status`, `roleId`, `accountId`, `createdAt`, `updatedAt`) VALUES (DEFAULT, 'willard.brock', '6accdad680d6b4bdd7261e5ba71ffd9c3a8a3ec0', 'willardbrock@hedonsoftware.com', 'Willard', NULL, 'Brock', '/static/images/avatars/53.png', 'active', 3, 1, DEFAULT, NULL);
INSERT INTO `User` (`id`, `username`, `password`, `email`, `firstName`, `middleName`, `lastName`, `avatar`, `status`, `roleId`, `accountId`, `createdAt`, `updatedAt`) VALUES (DEFAULT, 'juan.spencer', '6accdad680d6b4bdd7261e5ba71ffd9c3a8a3ec0', 'juanspencer@hedonsoftware.com', 'Juan', NULL, 'Spencer', '/static/images/avatars/54.png', 'active', 3, 1, DEFAULT, NULL);
INSERT INTO `User` (`id`, `username`, `password`, `email`, `firstName`, `middleName`, `lastName`, `avatar`, `status`, `roleId`, `accountId`, `createdAt`, `updatedAt`) VALUES (DEFAULT, 'justin.newton', '6accdad680d6b4bdd7261e5ba71ffd9c3a8a3ec0', 'justinnewton@hedonsoftware.com', 'Justin', NULL, 'Newton', '/static/images/avatars/55.png', 'active', 3, 1, DEFAULT, NULL);
INSERT INTO `User` (`id`, `username`, `password`, `email`, `firstName`, `middleName`, `lastName`, `avatar`, `status`, `roleId`, `accountId`, `createdAt`, `updatedAt`) VALUES (DEFAULT, 'ruben.hopkins', '6accdad680d6b4bdd7261e5ba71ffd9c3a8a3ec0', 'rubenhopkins@hedonsoftware.com', 'Ruben', NULL, 'Hopkins', '/static/images/avatars/56.png', 'active', 3, 1, DEFAULT, NULL);
INSERT INTO `User` (`id`, `username`, `password`, `email`, `firstName`, `middleName`, `lastName`, `avatar`, `status`, `roleId`, `accountId`, `createdAt`, `updatedAt`) VALUES (DEFAULT, 'kerry.doyle', '6accdad680d6b4bdd7261e5ba71ffd9c3a8a3ec0', 'kerrydoyle@hedonsoftware.com', 'Kerry', NULL, 'Doyle', '/static/images/avatars/57.png', 'active', 3, 1, DEFAULT, NULL);
INSERT INTO `User` (`id`, `username`, `password`, `email`, `firstName`, `middleName`, `lastName`, `avatar`, `status`, `roleId`, `accountId`, `createdAt`, `updatedAt`) VALUES (DEFAULT, 'jamie.robertson', '6accdad680d6b4bdd7261e5ba71ffd9c3a8a3ec0', 'jamierobertson@hedonsoftware.com', 'Jamie', NULL, 'Robertson', '/static/images/avatars/58.png', 'active', 3, 1, DEFAULT, NULL);
INSERT INTO `User` (`id`, `username`, `password`, `email`, `firstName`, `middleName`, `lastName`, `avatar`, `status`, `roleId`, `accountId`, `createdAt`, `updatedAt`) VALUES (DEFAULT, 'winifred.arnold', '6accdad680d6b4bdd7261e5ba71ffd9c3a8a3ec0', 'winifredarnold@hedonsoftware.com', 'Winifred', NULL, 'Arnold', '/static/images/avatars/59.png', 'active', 3, 1, DEFAULT, NULL);
INSERT INTO `User` (`id`, `username`, `password`, `email`, `firstName`, `middleName`, `lastName`, `avatar`, `status`, `roleId`, `accountId`, `createdAt`, `updatedAt`) VALUES (DEFAULT, 'micheal.sharp', '6accdad680d6b4bdd7261e5ba71ffd9c3a8a3ec0', 'michealsharp@hedonsoftware.com', 'Micheal', NULL, 'Sharp', '/static/images/avatars/02.png', 'active', 3, 1, DEFAULT, NULL);
INSERT INTO `User` (`id`, `username`, `password`, `email`, `firstName`, `middleName`, `lastName`, `avatar`, `status`, `roleId`, `accountId`, `createdAt`, `updatedAt`) VALUES (DEFAULT, 'fernanda.dozier', '6accdad680d6b4bdd7261e5ba71ffd9c3a8a3ec0', 'fernandadozier@hedonsoftware.com', 'Fernanda', NULL, 'Dozier', '/static/images/avatars/61.png', 'active', 3, 1, DEFAULT, NULL);
INSERT INTO `User` (`id`, `username`, `password`, `email`, `firstName`, `middleName`, `lastName`, `avatar`, `status`, `roleId`, `accountId`, `createdAt`, `updatedAt`) VALUES (DEFAULT, 'britney.leggett', '6accdad680d6b4bdd7261e5ba71ffd9c3a8a3ec0', 'britneyleggett@hedonsoftware.com', 'Britney', NULL, 'Leggett', '/static/images/avatars/62.png', 'active', 3, 1, DEFAULT, NULL);
INSERT INTO `User` (`id`, `username`, `password`, `email`, `firstName`, `middleName`, `lastName`, `avatar`, `status`, `roleId`, `accountId`, `createdAt`, `updatedAt`) VALUES (DEFAULT, 'tory.horsley', '6accdad680d6b4bdd7261e5ba71ffd9c3a8a3ec0', 'toryhorsley@hedonsoftware.com', 'Tory', NULL, 'Horsley', '/static/images/avatars/63.png', 'active', 3, 1, DEFAULT, NULL);
INSERT INTO `User` (`id`, `username`, `password`, `email`, `firstName`, `middleName`, `lastName`, `avatar`, `status`, `roleId`, `accountId`, `createdAt`, `updatedAt`) VALUES (DEFAULT, 'amalia.agnew', '6accdad680d6b4bdd7261e5ba71ffd9c3a8a3ec0', 'amaliaagnew@hedonsoftware.com', 'Amalia', NULL, 'Agnew', '/static/images/avatars/64.png', 'active', 3, 1, DEFAULT, NULL);
INSERT INTO `User` (`id`, `username`, `password`, `email`, `firstName`, `middleName`, `lastName`, `avatar`, `status`, `roleId`, `accountId`, `createdAt`, `updatedAt`) VALUES (DEFAULT, 'rigoberto.rubin', '6accdad680d6b4bdd7261e5ba71ffd9c3a8a3ec0', 'rigobertorubin@hedonsoftware.com', 'Rigoberto', NULL, 'Rubin', '/static/images/avatars/65.png', 'active', 3, 1, DEFAULT, NULL);
INSERT INTO `User` (`id`, `username`, `password`, `email`, `firstName`, `middleName`, `lastName`, `avatar`, `status`, `roleId`, `accountId`, `createdAt`, `updatedAt`) VALUES (DEFAULT, 'solomon.crowder', '6accdad680d6b4bdd7261e5ba71ffd9c3a8a3ec0', 'solomoncrowder@hedonsoftware.com', 'Solomon', NULL, 'Crowder', '/static/images/avatars/66.png', 'active', 3, 1, DEFAULT, NULL);
INSERT INTO `User` (`id`, `username`, `password`, `email`, `firstName`, `middleName`, `lastName`, `avatar`, `status`, `roleId`, `accountId`, `createdAt`, `updatedAt`) VALUES (DEFAULT, 'nam.ashby', '6accdad680d6b4bdd7261e5ba71ffd9c3a8a3ec0', 'namashby@hedonsoftware.com', 'Nam', NULL, 'Ashby', '/static/images/avatars/67.png', 'active', 3, 1, DEFAULT, NULL);
INSERT INTO `User` (`id`, `username`, `password`, `email`, `firstName`, `middleName`, `lastName`, `avatar`, `status`, `roleId`, `accountId`, `createdAt`, `updatedAt`) VALUES (DEFAULT, 'marguerita.mcafee', '6accdad680d6b4bdd7261e5ba71ffd9c3a8a3ec0', 'margueritamcafee@hedonsoftware.com', 'Marguerita', NULL, 'Mcafee', '/static/images/avatars/68.png', 'active', 3, 1, DEFAULT, NULL);
INSERT INTO `User` (`id`, `username`, `password`, `email`, `firstName`, `middleName`, `lastName`, `avatar`, `status`, `roleId`, `accountId`, `createdAt`, `updatedAt`) VALUES (DEFAULT, 'malcom.knott', '6accdad680d6b4bdd7261e5ba71ffd9c3a8a3ec0', 'malcomknott@hedonsoftware.com', 'Malcom', NULL, 'Knott', '/static/images/avatars/69.png', 'active', 3, 1, DEFAULT, NULL);
INSERT INTO `User` (`id`, `username`, `password`, `email`, `firstName`, `middleName`, `lastName`, `avatar`, `status`, `roleId`, `accountId`, `createdAt`, `updatedAt`) VALUES (DEFAULT, 'andra.redd', '6accdad680d6b4bdd7261e5ba71ffd9c3a8a3ec0', 'andraredd@hedonsoftware.com', 'Andra', NULL, 'Redd', '/static/images/avatars/70.png', 'active', 3, 1, DEFAULT, NULL);
INSERT INTO `User` (`id`, `username`, `password`, `email`, `firstName`, `middleName`, `lastName`, `avatar`, `status`, `roleId`, `accountId`, `createdAt`, `updatedAt`) VALUES (DEFAULT, 'janel.poe', '6accdad680d6b4bdd7261e5ba71ffd9c3a8a3ec0', 'janelpoe@hedonsoftware.com', 'Janel', NULL, 'Poe', '/static/images/avatars/71.png', 'active', 3, 1, DEFAULT, NULL);
INSERT INTO `User` (`id`, `username`, `password`, `email`, `firstName`, `middleName`, `lastName`, `avatar`, `status`, `roleId`, `accountId`, `createdAt`, `updatedAt`) VALUES (DEFAULT, 'kathie.beers', '6accdad680d6b4bdd7261e5ba71ffd9c3a8a3ec0', 'kathiebeers@hedonsoftware.com', 'Kathie', NULL, 'Beers', '/static/images/avatars/72.png', 'active', 3, 1, DEFAULT, NULL);
INSERT INTO `User` (`id`, `username`, `password`, `email`, `firstName`, `middleName`, `lastName`, `avatar`, `status`, `roleId`, `accountId`, `createdAt`, `updatedAt`) VALUES (DEFAULT, 'porter.fulcher', '6accdad680d6b4bdd7261e5ba71ffd9c3a8a3ec0', 'porterfulcher@hedonsoftware.com', 'Porter', NULL, 'Fulcher', '/static/images/avatars/73.png', 'active', 3, 1, DEFAULT, NULL);
INSERT INTO `User` (`id`, `username`, `password`, `email`, `firstName`, `middleName`, `lastName`, `avatar`, `status`, `roleId`, `accountId`, `createdAt`, `updatedAt`) VALUES (DEFAULT, 'elisha.kearns', '6accdad680d6b4bdd7261e5ba71ffd9c3a8a3ec0', 'elishakearns@hedonsoftware.com', 'Elisha', NULL, 'Kearns', '/static/images/avatars/74.png', 'active', 3, 1, DEFAULT, NULL);
INSERT INTO `User` (`id`, `username`, `password`, `email`, `firstName`, `middleName`, `lastName`, `avatar`, `status`, `roleId`, `accountId`, `createdAt`, `updatedAt`) VALUES (DEFAULT, 'adrian.chestnut', '6accdad680d6b4bdd7261e5ba71ffd9c3a8a3ec0', 'adrianchestnut@hedonsoftware.com', 'Adrian', NULL, 'Chestnut', '/static/images/avatars/75.png', 'active', 3, 1, DEFAULT, NULL);
INSERT INTO `User` (`id`, `username`, `password`, `email`, `firstName`, `middleName`, `lastName`, `avatar`, `status`, `roleId`, `accountId`, `createdAt`, `updatedAt`) VALUES (DEFAULT, 'gerald.mahan', '6accdad680d6b4bdd7261e5ba71ffd9c3a8a3ec0', 'geraldmahan@hedonsoftware.com', 'Gerald', NULL, 'Mahan', '/static/images/avatars/76.png', 'active', 3, 1, DEFAULT, NULL);
INSERT INTO `User` (`id`, `username`, `password`, `email`, `firstName`, `middleName`, `lastName`, `avatar`, `status`, `roleId`, `accountId`, `createdAt`, `updatedAt`) VALUES (DEFAULT, 'cindi.buck', '6accdad680d6b4bdd7261e5ba71ffd9c3a8a3ec0', 'cindibuck@hedonsoftware.com', 'Cindi', NULL, 'Buck', '/static/images/avatars/77.png', 'active', 3, 1, DEFAULT, NULL);
INSERT INTO `User` (`id`, `username`, `password`, `email`, `firstName`, `middleName`, `lastName`, `avatar`, `status`, `roleId`, `accountId`, `createdAt`, `updatedAt`) VALUES (DEFAULT, 'elia.levin', '6accdad680d6b4bdd7261e5ba71ffd9c3a8a3ec0', 'elialevin@hedonsoftware.com', 'Elia', NULL, 'Levin', '/static/images/avatars/78.png', 'active', 3, 1, DEFAULT, NULL);
INSERT INTO `User` (`id`, `username`, `password`, `email`, `firstName`, `middleName`, `lastName`, `avatar`, `status`, `roleId`, `accountId`, `createdAt`, `updatedAt`) VALUES (DEFAULT, 'page.gallegos', '6accdad680d6b4bdd7261e5ba71ffd9c3a8a3ec0', 'pagegallegos@hedonsoftware.com', 'Page', NULL, 'Gallegos', '/static/images/avatars/79.png', 'active', 3, 1, DEFAULT, NULL);
INSERT INTO `User` (`id`, `username`, `password`, `email`, `firstName`, `middleName`, `lastName`, `avatar`, `status`, `roleId`, `accountId`, `createdAt`, `updatedAt`) VALUES (DEFAULT, 'dorothea.biddle', '6accdad680d6b4bdd7261e5ba71ffd9c3a8a3ec0', 'dorotheabiddle@hedonsoftware.com', 'Dorothea', NULL, 'Biddle', '/static/images/avatars/80.png', 'active', 3, 1, DEFAULT, NULL);
INSERT INTO `User` (`id`, `username`, `password`, `email`, `firstName`, `middleName`, `lastName`, `avatar`, `status`, `roleId`, `accountId`, `createdAt`, `updatedAt`) VALUES (DEFAULT, 'sandee.judd', '6accdad680d6b4bdd7261e5ba71ffd9c3a8a3ec0', 'sandeejudd@hedonsoftware.com', 'Sandee', NULL, 'Judd', '/static/images/avatars/81.png', 'active', 3, 1, DEFAULT, NULL);
INSERT INTO `User` (`id`, `username`, `password`, `email`, `firstName`, `middleName`, `lastName`, `avatar`, `status`, `roleId`, `accountId`, `createdAt`, `updatedAt`) VALUES (DEFAULT, 'cathi.menendez', '6accdad680d6b4bdd7261e5ba71ffd9c3a8a3ec0', 'cathimenendez@hedonsoftware.com', 'Cathi', NULL, 'Menendez', '/static/images/avatars/82.png', 'active', 3, 1, DEFAULT, NULL);
INSERT INTO `User` (`id`, `username`, `password`, `email`, `firstName`, `middleName`, `lastName`, `avatar`, `status`, `roleId`, `accountId`, `createdAt`, `updatedAt`) VALUES (DEFAULT, 'alane.proffitt', '6accdad680d6b4bdd7261e5ba71ffd9c3a8a3ec0', 'alaneproffitt@hedonsoftware.com', 'Alane', NULL, 'Proffitt', '/static/images/avatars/83.png', 'active', 3, 1, DEFAULT, NULL);
INSERT INTO `User` (`id`, `username`, `password`, `email`, `firstName`, `middleName`, `lastName`, `avatar`, `status`, `roleId`, `accountId`, `createdAt`, `updatedAt`) VALUES (DEFAULT, 'travis.pollack', '6accdad680d6b4bdd7261e5ba71ffd9c3a8a3ec0', 'travispollack@hedonsoftware.com', 'Travis', NULL, 'Pollack', '/static/images/avatars/84.png', 'active', 3, 1, DEFAULT, NULL);
INSERT INTO `User` (`id`, `username`, `password`, `email`, `firstName`, `middleName`, `lastName`, `avatar`, `status`, `roleId`, `accountId`, `createdAt`, `updatedAt`) VALUES (DEFAULT, 'lura.picard', '6accdad680d6b4bdd7261e5ba71ffd9c3a8a3ec0', 'lurapicard@hedonsoftware.com', 'Lura', NULL, 'Picard', '/static/images/avatars/85.png', 'active', 3, 1, DEFAULT, NULL);
INSERT INTO `User` (`id`, `username`, `password`, `email`, `firstName`, `middleName`, `lastName`, `avatar`, `status`, `roleId`, `accountId`, `createdAt`, `updatedAt`) VALUES (DEFAULT, 'jerrie.mcginnis', '6accdad680d6b4bdd7261e5ba71ffd9c3a8a3ec0', 'jerriemcginnis@hedonsoftware.com', 'Jerrie', NULL, 'Mcginnis', '/static/images/avatars/86.png', 'active', 3, 1, DEFAULT, NULL);
INSERT INTO `User` (`id`, `username`, `password`, `email`, `firstName`, `middleName`, `lastName`, `avatar`, `status`, `roleId`, `accountId`, `createdAt`, `updatedAt`) VALUES (DEFAULT, 'denae.reis', '6accdad680d6b4bdd7261e5ba71ffd9c3a8a3ec0', 'denaereis@hedonsoftware.com', 'Denae', NULL, 'Reis', '/static/images/avatars/87.png', 'active', 3, 1, DEFAULT, NULL);
INSERT INTO `User` (`id`, `username`, `password`, `email`, `firstName`, `middleName`, `lastName`, `avatar`, `status`, `roleId`, `accountId`, `createdAt`, `updatedAt`) VALUES (DEFAULT, 'blaine.seymore', '6accdad680d6b4bdd7261e5ba71ffd9c3a8a3ec0', 'blaineseymore@hedonsoftware.com', 'Blaine', NULL, 'Seymore', '/static/images/avatars/88.png', 'active', 3, 1, DEFAULT, NULL);
INSERT INTO `User` (`id`, `username`, `password`, `email`, `firstName`, `middleName`, `lastName`, `avatar`, `status`, `roleId`, `accountId`, `createdAt`, `updatedAt`) VALUES (DEFAULT, 'elouise.calvin', '6accdad680d6b4bdd7261e5ba71ffd9c3a8a3ec0', 'elouisecalvin@hedonsoftware.com', 'Elouise', NULL, 'Calvin', '/static/images/avatars/89.png', 'active', 3, 1, DEFAULT, NULL);
INSERT INTO `User` (`id`, `username`, `password`, `email`, `firstName`, `middleName`, `lastName`, `avatar`, `status`, `roleId`, `accountId`, `createdAt`, `updatedAt`) VALUES (DEFAULT, 'jin.schwarz', '6accdad680d6b4bdd7261e5ba71ffd9c3a8a3ec0', 'jinschwarz@hedonsoftware.com', 'Jin', NULL, 'Schwarz', '/static/images/avatars/90.png', 'active', 3, 1, DEFAULT, NULL);
INSERT INTO `User` (`id`, `username`, `password`, `email`, `firstName`, `middleName`, `lastName`, `avatar`, `status`, `roleId`, `accountId`, `createdAt`, `updatedAt`) VALUES (DEFAULT, 'sau.daley', '6accdad680d6b4bdd7261e5ba71ffd9c3a8a3ec0', 'saudaley@hedonsoftware.com', 'Sau', NULL, 'Daley', '/static/images/avatars/91.png', 'active', 3, 1, DEFAULT, NULL);
INSERT INTO `User` (`id`, `username`, `password`, `email`, `firstName`, `middleName`, `lastName`, `avatar`, `status`, `roleId`, `accountId`, `createdAt`, `updatedAt`) VALUES (DEFAULT, 'catherin.thornburg', '6accdad680d6b4bdd7261e5ba71ffd9c3a8a3ec0', 'catherinthornburg@hedonsoftware.com', 'Catherin', NULL, 'Thornburg', '/static/images/avatars/92.png', 'active', 3, 1, DEFAULT, NULL);
INSERT INTO `User` (`id`, `username`, `password`, `email`, `firstName`, `middleName`, `lastName`, `avatar`, `status`, `roleId`, `accountId`, `createdAt`, `updatedAt`) VALUES (DEFAULT, 'raeann.daily', '6accdad680d6b4bdd7261e5ba71ffd9c3a8a3ec0', 'raeanndaily@hedonsoftware.com', 'Raeann', NULL, 'Daily', '/static/images/avatars/93.png', 'active', 3, 1, DEFAULT, NULL);
INSERT INTO `User` (`id`, `username`, `password`, `email`, `firstName`, `middleName`, `lastName`, `avatar`, `status`, `roleId`, `accountId`, `createdAt`, `updatedAt`) VALUES (DEFAULT, 'larraine.horsley', '6accdad680d6b4bdd7261e5ba71ffd9c3a8a3ec0', 'larrainehorsley@hedonsoftware.com', 'Larraine', NULL, 'Horsley', '/static/images/avatars/94.png', 'active', 3, 1, DEFAULT, NULL);
INSERT INTO `User` (`id`, `username`, `password`, `email`, `firstName`, `middleName`, `lastName`, `avatar`, `status`, `roleId`, `accountId`, `createdAt`, `updatedAt`) VALUES (DEFAULT, 'tonda.mcelroy', '6accdad680d6b4bdd7261e5ba71ffd9c3a8a3ec0', 'tondamcelroy@hedonsoftware.com', 'Tonda', NULL, 'Mcelroy', '/static/images/avatars/95.png', 'active', 3, 1, DEFAULT, NULL);
INSERT INTO `User` (`id`, `username`, `password`, `email`, `firstName`, `middleName`, `lastName`, `avatar`, `status`, `roleId`, `accountId`, `createdAt`, `updatedAt`) VALUES (DEFAULT, 'gala.gunter', '6accdad680d6b4bdd7261e5ba71ffd9c3a8a3ec0', 'galagunter@hedonsoftware.com', 'Gala', NULL, 'Gunter', '/static/images/avatars/96.png', 'active', 3, 1, DEFAULT, NULL);
INSERT INTO `User` (`id`, `username`, `password`, `email`, `firstName`, `middleName`, `lastName`, `avatar`, `status`, `roleId`, `accountId`, `createdAt`, `updatedAt`) VALUES (DEFAULT, 'remedios.streeter', '6accdad680d6b4bdd7261e5ba71ffd9c3a8a3ec0', 'remediosstreeter@hedonsoftware.com', 'Remedios', NULL, 'Streeter', '/static/images/avatars/97.png', 'active', 3, 1, DEFAULT, NULL);
INSERT INTO `User` (`id`, `username`, `password`, `email`, `firstName`, `middleName`, `lastName`, `avatar`, `status`, `roleId`, `accountId`, `createdAt`, `updatedAt`) VALUES (DEFAULT, 'toshia.marks', '6accdad680d6b4bdd7261e5ba71ffd9c3a8a3ec0', 'toshiamarks@hedonsoftware.com', 'Toshia', NULL, 'Marks', '/static/images/avatars/98.png', 'active', 3, 1, DEFAULT, NULL);
INSERT INTO `User` (`id`, `username`, `password`, `email`, `firstName`, `middleName`, `lastName`, `avatar`, `status`, `roleId`, `accountId`, `createdAt`, `updatedAt`) VALUES (DEFAULT, 'yun.wheat', '6accdad680d6b4bdd7261e5ba71ffd9c3a8a3ec0', 'yunwheat@hedonsoftware.com', 'Yun', NULL, 'Wheat', '/static/images/avatars/99.png', 'active', 3, 1, DEFAULT, NULL);
INSERT INTO `User` (`id`, `username`, `password`, `email`, `firstName`, `middleName`, `lastName`, `avatar`, `status`, `roleId`, `accountId`, `createdAt`, `updatedAt`) VALUES (DEFAULT, 'dorsey.ragan', '6accdad680d6b4bdd7261e5ba71ffd9c3a8a3ec0', 'dorseyragan@hedonsoftware.com', 'Dorsey', NULL, 'Ragan', '/static/images/avatars/100.png', 'active', 3, 1, DEFAULT, NULL);
INSERT INTO `User` (`id`, `username`, `password`, `email`, `firstName`, `middleName`, `lastName`, `avatar`, `status`, `roleId`, `accountId`, `createdAt`, `updatedAt`) VALUES (DEFAULT, 'demo', '0279ea92252a164ca3384ea0846d0ad82dd3c795', 'demo@hedonsoftware.com', 'demo', NULL, 'demo', '/static/images/avatars/demo.png', 'active', 3, 1, DEFAULT, NULL);
INSERT INTO `User` (`id`, `username`, `password`, `email`, `firstName`, `middleName`, `lastName`, `avatar`, `status`, `roleId`, `accountId`, `createdAt`, `updatedAt`) VALUES (DEFAULT, 'admin', '904ac5b21e30834611fff38edd410cb36a7b88e1', 'admin@hedonsoftware.com', 'admin', NULL, 'admin', '/static/images/avatars/admin.png', 'active', 4, 1, DEFAULT, NULL);

COMMIT;


-- -----------------------------------------------------
-- Data for table `Project`
-- -----------------------------------------------------
START TRANSACTION;
INSERT INTO `Project` (`id`, `name`, `code`, `description`, `status`, `accountId`, `createdAt`, `updatedAt`) VALUES (1, 'Universe', 'UNI', 'Universe is project separated from Galaxy ...', 'active', 1, DEFAULT, NULL);
INSERT INTO `Project` (`id`, `name`, `code`, `description`, `status`, `accountId`, `createdAt`, `updatedAt`) VALUES (2, 'Galaxy', 'GAL', 'Galaxy is a massive project ...', 'active', 1, DEFAULT, NULL);
INSERT INTO `Project` (`id`, `name`, `code`, `description`, `status`, `accountId`, `createdAt`, `updatedAt`) VALUES (3, 'Atom', 'ATM', 'Atom is a chemical project ...', 'active', 2, DEFAULT, NULL);

COMMIT;


-- -----------------------------------------------------
-- Data for table `Board`
-- -----------------------------------------------------
START TRANSACTION;
INSERT INTO `Board` (`id`, `name`, `description`, `status`, `projectId`, `createdAt`, `updatedAt`) VALUES (1, 'Frontend', 'Frontend team\'s board', 'active', 1, DEFAULT, NULL);
INSERT INTO `Board` (`id`, `name`, `description`, `status`, `projectId`, `createdAt`, `updatedAt`) VALUES (2, 'API', 'API team\'s board', 'active', 1, DEFAULT, NULL);
INSERT INTO `Board` (`id`, `name`, `description`, `status`, `projectId`, `createdAt`, `updatedAt`) VALUES (3, 'Backlog', 'Tickets incubator', 'active', 1, DEFAULT, NULL);
INSERT INTO `Board` (`id`, `name`, `description`, `status`, `projectId`, `createdAt`, `updatedAt`) VALUES (4, 'Design', 'Graphic design team\'s board', 'active', 2, DEFAULT, NULL);
INSERT INTO `Board` (`id`, `name`, `description`, `status`, `projectId`, `createdAt`, `updatedAt`) VALUES (5, 'Development', 'Development team\'s board', 'active', 2, DEFAULT, NULL);
INSERT INTO `Board` (`id`, `name`, `description`, `status`, `projectId`, `createdAt`, `updatedAt`) VALUES (6, 'Overview', 'Management team\'s overview board', 'active', 2, DEFAULT, NULL);
INSERT INTO `Board` (`id`, `name`, `description`, `status`, `projectId`, `createdAt`, `updatedAt`) VALUES (7, 'Backlog', 'Ideas incubator', 'active', 2, DEFAULT, NULL);

COMMIT;


-- -----------------------------------------------------
-- Data for table `Lane`
-- -----------------------------------------------------
START TRANSACTION;
INSERT INTO `Lane` (`id`, `name`, `description`, `sequenceNumber`, `status`, `boardId`, `createdAt`, `updatedAt`) VALUES (DEFAULT, 'To do', 'To be started', 1, 'active', 1, DEFAULT, NULL);
INSERT INTO `Lane` (`id`, `name`, `description`, `sequenceNumber`, `status`, `boardId`, `createdAt`, `updatedAt`) VALUES (DEFAULT, 'In progress', 'Started', 2, 'active', 1, DEFAULT, NULL);
INSERT INTO `Lane` (`id`, `name`, `description`, `sequenceNumber`, `status`, `boardId`, `createdAt`, `updatedAt`) VALUES (DEFAULT, 'Done', 'Ended', 3, 'active', 1, DEFAULT, NULL);
INSERT INTO `Lane` (`id`, `name`, `description`, `sequenceNumber`, `status`, `boardId`, `createdAt`, `updatedAt`) VALUES (DEFAULT, 'To do', 'To be done', 1, 'active', 2, DEFAULT, NULL);
INSERT INTO `Lane` (`id`, `name`, `description`, `sequenceNumber`, `status`, `boardId`, `createdAt`, `updatedAt`) VALUES (DEFAULT, 'Development', 'Developing right now', 2, 'active', 2, DEFAULT, NULL);
INSERT INTO `Lane` (`id`, `name`, `description`, `sequenceNumber`, `status`, `boardId`, `createdAt`, `updatedAt`) VALUES (DEFAULT, 'Review', 'Code review', 3, 'active', 2, DEFAULT, NULL);
INSERT INTO `Lane` (`id`, `name`, `description`, `sequenceNumber`, `status`, `boardId`, `createdAt`, `updatedAt`) VALUES (DEFAULT, 'Done', 'Finished', 4, 'active', 2, DEFAULT, NULL);
INSERT INTO `Lane` (`id`, `name`, `description`, `sequenceNumber`, `status`, `boardId`, `createdAt`, `updatedAt`) VALUES (DEFAULT, 'Waiting', 'Waiting to be added to sprint', 1, 'active', 3, DEFAULT, NULL);
INSERT INTO `Lane` (`id`, `name`, `description`, `sequenceNumber`, `status`, `boardId`, `createdAt`, `updatedAt`) VALUES (DEFAULT, 'To do', 'To be created', 1, 'active', 4, DEFAULT, NULL);
INSERT INTO `Lane` (`id`, `name`, `description`, `sequenceNumber`, `status`, `boardId`, `createdAt`, `updatedAt`) VALUES (DEFAULT, 'In progress', 'Designing right now', 2, 'active', 4, DEFAULT, NULL);
INSERT INTO `Lane` (`id`, `name`, `description`, `sequenceNumber`, `status`, `boardId`, `createdAt`, `updatedAt`) VALUES (DEFAULT, 'Done', 'Done', 3, 'active', 4, DEFAULT, NULL);
INSERT INTO `Lane` (`id`, `name`, `description`, `sequenceNumber`, `status`, `boardId`, `createdAt`, `updatedAt`) VALUES (DEFAULT, 'To do', 'To be developed', 1, 'active', 5, DEFAULT, NULL);
INSERT INTO `Lane` (`id`, `name`, `description`, `sequenceNumber`, `status`, `boardId`, `createdAt`, `updatedAt`) VALUES (DEFAULT, 'In progress', 'Developing..', 2, 'active', 5, DEFAULT, NULL);
INSERT INTO `Lane` (`id`, `name`, `description`, `sequenceNumber`, `status`, `boardId`, `createdAt`, `updatedAt`) VALUES (DEFAULT, 'Code review', 'Peer review', 3, 'active', 5, DEFAULT, NULL);
INSERT INTO `Lane` (`id`, `name`, `description`, `sequenceNumber`, `status`, `boardId`, `createdAt`, `updatedAt`) VALUES (DEFAULT, 'Acceptance testing', 'User acceptance testing', 4, 'active', 5, DEFAULT, NULL);
INSERT INTO `Lane` (`id`, `name`, `description`, `sequenceNumber`, `status`, `boardId`, `createdAt`, `updatedAt`) VALUES (DEFAULT, 'Done', 'Finished/Approved', 5, 'active', 5, DEFAULT, NULL);
INSERT INTO `Lane` (`id`, `name`, `description`, `sequenceNumber`, `status`, `boardId`, `createdAt`, `updatedAt`) VALUES (DEFAULT, 'Waiting', 'Waiting to be started', 1, 'active', 6, DEFAULT, NULL);
INSERT INTO `Lane` (`id`, `name`, `description`, `sequenceNumber`, `status`, `boardId`, `createdAt`, `updatedAt`) VALUES (DEFAULT, 'Progressing', 'Progressing', 2, 'active', 6, DEFAULT, NULL);
INSERT INTO `Lane` (`id`, `name`, `description`, `sequenceNumber`, `status`, `boardId`, `createdAt`, `updatedAt`) VALUES (DEFAULT, 'Finished', 'Finished', 3, 'active', 6, DEFAULT, NULL);
INSERT INTO `Lane` (`id`, `name`, `description`, `sequenceNumber`, `status`, `boardId`, `createdAt`, `updatedAt`) VALUES (DEFAULT, 'Waiting', 'Waiting to be added to sprint', 1, 'active', 7, DEFAULT, NULL);

COMMIT;


-- -----------------------------------------------------
-- Data for table `TicketStatus`
-- -----------------------------------------------------
START TRANSACTION;
INSERT INTO `TicketStatus` (`id`, `name`, `description`, `status`, `createdAt`, `updatedAt`) VALUES (1, 'New', 'Newly added ticket', 'active', DEFAULT, NULL);
INSERT INTO `TicketStatus` (`id`, `name`, `description`, `status`, `createdAt`, `updatedAt`) VALUES (2, 'Accepted', 'Valid ticket', 'active', DEFAULT, NULL);
INSERT INTO `TicketStatus` (`id`, `name`, `description`, `status`, `createdAt`, `updatedAt`) VALUES (3, 'On hold', 'Waiting for clarification', 'active', DEFAULT, NULL);
INSERT INTO `TicketStatus` (`id`, `name`, `description`, `status`, `createdAt`, `updatedAt`) VALUES (4, 'Invalid', 'Not valid', 'active', DEFAULT, NULL);
INSERT INTO `TicketStatus` (`id`, `name`, `description`, `status`, `createdAt`, `updatedAt`) VALUES (5, 'Duplicate', 'Duplicate of existing', 'active', DEFAULT, NULL);

COMMIT;


-- -----------------------------------------------------
-- Data for table `Ticket`
-- -----------------------------------------------------
START TRANSACTION;
INSERT INTO `Ticket` (`id`, `name`, `description`, `storyPoints`, `creatorId`, `assigneeId`, `statusId`, `createdAt`, `updatedAt`) VALUES (DEFAULT, 'Install Grunt Watch', '<h4><b>Getting Started</b></h4><p><br/></p><p>NOTE: This plugin requires Grunt ~0.4.0</p><p><br/></p><p>If you haven\'t used Grunt before, be sure to check out the Getting Started guide, as it explains how to create a Gruntfile as well as install and use Grunt plugins. Once you\'re familiar with that process, you may install this plugin with this command:</p><pre>npm install grunt-contrib-watch --save-dev</pre><p>Once the plugin has been installed, it may be enabled inside your Gruntfile with this line of JavaScript:</p><pre>grunt.loadNpmTasks(\'grunt-contrib-watch\');</pre><p></p>', 8, 1, 1, 1, '2014-11-03 14:46:18', NULL);
INSERT INTO `Ticket` (`id`, `name`, `description`, `storyPoints`, `creatorId`, `assigneeId`, `statusId`, `createdAt`, `updatedAt`) VALUES (DEFAULT, 'Validate files with JSHint', '<h4><b>Getting Started</b></h4><p><br/></p><p>NOTE: This plugin requires Grunt ~0.4.0</p><p><br/></p><p>If you haven\'t used Grunt before, be sure to check out the Getting Started guide, as it explains how to create a Gruntfile as well as install and use Grunt plugins. Once you\'re familiar with that process, you may install this plugin with this command:</p><pre>npm install grunt-contrib-jshint --save-dev</pre><p>Once the plugin has been installed, it may be enabled inside your Gruntfile with this line of JavaScript:</p><pre>grunt.loadNpmTasks(\'grunt-contrib-jshint\');</pre>', 13, 36, 16, 1, '2014-11-03 14:46:18', NULL);
INSERT INTO `Ticket` (`id`, `name`, `description`, `storyPoints`, `creatorId`, `assigneeId`, `statusId`, `createdAt`, `updatedAt`) VALUES (DEFAULT, 'Minify files with UglifyJS', '<h4><b>Getting Started</b></h4><p><br/></p><p>NOTE: This plugin requires Grunt ~0.4.0</p><p><br/></p><p>If you haven\'t used Grunt before, be sure to check out the Getting Started guide, as it explains how to create a Gruntfile as well as install and use Grunt plugins. Once you\'re familiar with that process, you may install this plugin with this command:</p><pre>npm install grunt-contrib-uglify --save-dev</pre><p>Once the plugin has been installed, it may be enabled inside your Gruntfile with this line of JavaScript:</p><pre>grunt.loadNpmTasks(\'grunt-contrib-uglify\');</pre>', 5, 43, 28, 1, '2014-11-03 14:46:18', NULL);
INSERT INTO `Ticket` (`id`, `name`, `description`, `storyPoints`, `creatorId`, `assigneeId`, `statusId`, `createdAt`, `updatedAt`) VALUES (DEFAULT, 'Clean files and folders', '<h4><b>Getting Started</b></h4><p><br/></p><p>NOTE: This plugin requires Grunt ~0.4.0</p><p><br/></p><p>If you haven\'t used Grunt before, be sure to check out the Getting Started guide, as it explains how to create a Gruntfile as well as install and use Grunt plugins. Once you\'re familiar with that process, you may install this plugin with this command:</p><pre>npm install grunt-contrib-clean --save-dev</pre><p>Once the plugin has been installed, it may be enabled inside your Gruntfile with this line of JavaScript:</p><pre>grunt.loadNpmTasks(\'grunt-contrib-clean\');</pre>', 30, 86, 66, 1, '2014-11-03 14:46:18', NULL);
INSERT INTO `Ticket` (`id`, `name`, `description`, `storyPoints`, `creatorId`, `assigneeId`, `statusId`, `createdAt`, `updatedAt`) VALUES (DEFAULT, 'Concatenate files', '<h4><b>Getting Started</b></h4><p><br/></p><p>NOTE: This plugin requires Grunt ~0.4.0</p><p><br/></p><p>If you haven\'t used Grunt before, be sure to check out the Getting Started guide, as it explains how to create a Gruntfile as well as install and use Grunt plugins. Once you\'re familiar with that process, you may install this plugin with this command:</p><pre>npm install grunt-contrib-concat --save-dev</pre><p>Once the plugin has been installed, it may be enabled inside your Gruntfile with this line of JavaScript:</p><pre>grunt.loadNpmTasks(\'grunt-contrib-concat\');</pre>', 3, 87, 12, 1, '2014-11-03 14:46:18', NULL);
INSERT INTO `Ticket` (`id`, `name`, `description`, `storyPoints`, `creatorId`, `assigneeId`, `statusId`, `createdAt`, `updatedAt`) VALUES (DEFAULT, 'Compress CSS files', '<h4><b>Getting Started</b></h4><p><br/></p><p>NOTE: This plugin requires Grunt ~0.4.1</p><p><br/></p><p>If you haven\'t used Grunt before, be sure to check out the Getting Started guide, as it explains how to create a Gruntfile as well as install and use Grunt plugins. Once you\'re familiar with that process, you may install this plugin with this command:</p><pre>npm install grunt-contrib-cssmin --save-dev</pre><p>Once the plugin has been installed, it may be enabled inside your Gruntfile with this line of JavaScript:</p><pre>grunt.loadNpmTasks(\'grunt-contrib-cssmin\');</pre>', 13, 36, 11, 1, '2014-11-03 14:46:18', NULL);
INSERT INTO `Ticket` (`id`, `name`, `description`, `storyPoints`, `creatorId`, `assigneeId`, `statusId`, `createdAt`, `updatedAt`) VALUES (DEFAULT, 'Compile LESS files to CSS', '<h4><b>Getting Started</b></h4><p><br/></p><p>NOTE: This plugin requires Grunt ~0.4.0</p><p><br/></p><p>If you haven\'t used Grunt before, be sure to check out the Getting Started guide, as it explains how to create a Gruntfile as well as install and use Grunt plugins. Once you\'re familiar with that process, you may install this plugin with this command:</p><pre>npm install grunt-contrib-less --save-dev</pre><p>Once the plugin has been installed, it may be enabled inside your Gruntfile with this line of JavaScript:</p><pre>grunt.loadNpmTasks(\'grunt-contrib-less\');</pre>', 13, 53, 1, 1, '2014-11-03 14:46:18', NULL);
INSERT INTO `Ticket` (`id`, `name`, `description`, `storyPoints`, `creatorId`, `assigneeId`, `statusId`, `createdAt`, `updatedAt`) VALUES (DEFAULT, 'Allow to run grunt tasks concurrently', '<p>Running slow tasks like Coffee and Sass concurrently can potentially improve your build time significantly. This task is also useful if you need to run multiple blocking tasks like nodemon and watch at once.</p><p><br/></p><h4><b>Install</b></h4><pre>npm install --save-dev grunt-concurrent</pre><pre>require(\'load-grunt-tasks\')(grunt); // npm install --save-dev load-grunt-tasks&#10;&#10;grunt.initConfig({&#10;    concurrent: {&#10;        target1: [\'coffee\', \'sass\'],&#10;        target2: [\'jshint\', \'mocha\']&#10;    }&#10;});&#10;&#10;grunt.registerTask(\'default\', [\'concurrent:target1\', \'concurrent:target2\']);</pre>', 8, 42, 14, 1, '2014-11-03 14:46:18', NULL);
INSERT INTO `Ticket` (`id`, `name`, `description`, `storyPoints`, `creatorId`, `assigneeId`, `statusId`, `createdAt`, `updatedAt`) VALUES (DEFAULT, 'Minify images', '<h4><b>Getting Started</b></h4><p><br/></p><p>NOTE: This plugin requires Grunt ~0.4.0</p><p><br/></p><p>If you haven\'t used Grunt before, be sure to check out the Getting Started guide, as it explains how to create a Gruntfile as well as install and use Grunt plugins. Once you\'re familiar with that process, you may install this plugin with this command:</p><pre>npm install grunt-contrib-imagemin --save-dev</pre><p>Once the plugin has been installed, it may be enabled inside your Gruntfile with this line of JavaScript:</p><pre>grunt.loadNpmTasks(\'grunt-contrib-imagemin\');</pre>', 20, 35, 9, 1, '2014-11-03 14:46:18', NULL);
INSERT INTO `Ticket` (`id`, `name`, `description`, `storyPoints`, `creatorId`, `assigneeId`, `statusId`, `createdAt`, `updatedAt`) VALUES (DEFAULT, 'Auto-replace assets from HTML', '<p>Replace references from non-optimized scripts, stylesheets and other assets to their optimized version within a set of HTML files (or any templates/views).</p><h4><b><br/></b></h4><h4><b>Getting Started</b></h4><p><br/></p><p>If you haven\'t used grunt before, be sure to check out the Getting Started guide, as it explains how to create a gruntfile as well as install and use grunt plugins. Once you\'re familiar with that process, install this plugin with this command:</p><pre>npm install grunt-usemin --save-dev</pre><h4><b><br/></b></h4><h4><b>Tasks</b></h4><p><br/></p><p>usemin replaces the references of scripts, stylesheets and other assets within HTML files dynamically with optimized versions of them. To do this usemin exports 2 built-in tasks called useminPrepare and usemin and utilizes a couple of other Grunt plugins for the optimization process. usemin does this by generating the subtasks for these Grunt plugins dynamically.</p><p>The built-in tasks of usemin:</p><ul><li>useminPrepare prepares the configuration to transform specific blocks in the scrutinized file into a single line, targeting an optimized version of the files. This is done by generating subtasks called generated for every optimization steps handled by the Grunt plugins listed below.</li></ul><ul><li>usemin replaces the blocks by the file they reference, and replaces all references to assets by their revisioned version if it is found on the disk. This target modifies the files it is working on.</li></ul><p>Grunt plugins which usemin can use to optimize files:</p><ul><li>concat concatenates files (usually JS or CSS).</li></ul><ul><li>uglify minifies JS files.</li></ul><ul><li>cssmin minifies CSS files.</li></ul><ul><li>filerev revisions static assets through a file content hash.</li></ul><p>Important: You still need to manually install and load these dependencies.</p>', 20, 84, 21, 1, '2014-11-03 14:46:18', NULL);
INSERT INTO `Ticket` (`id`, `name`, `description`, `storyPoints`, `creatorId`, `assigneeId`, `statusId`, `createdAt`, `updatedAt`) VALUES (DEFAULT, 'Add vendor-prefixed CSS properties', '<p>Autoprefixer parses CSS and adds vendor-prefixed CSS properties using the Can I Use database</p><p><br/></p><h4><b>Getting Started</b></h4><h4><br/></h4><p>NOTE: This plugin requires Grunt ~0.4.0</p><p><br/></p><p>If you haven\'t used Grunt before, be sure to check out the Getting Started guide, as it explains how to create a Gruntfile as well as install and use Grunt plugins. Once you\'re familiar with that process, you may install this plugin with this command:</p><pre>npm install grunt-autoprefixer --save-dev</pre><p>Once the plugin has been installed, it may be enabled inside your Gruntfile with this line of JavaScript:</p><pre>grunt.loadNpmTasks(\'grunt-autoprefixer\');</pre>', 5, 27, 33, 1, '2014-11-03 14:46:18', NULL);
INSERT INTO `Ticket` (`id`, `name`, `description`, `storyPoints`, `creatorId`, `assigneeId`, `statusId`, `createdAt`, `updatedAt`) VALUES (DEFAULT, 'Minify HTML', '<h4><b>Getting Started</b></h4><p><br/></p><p>NOTE: This plugin requires Grunt ~0.4.0</p><p><br/></p><p>If you haven\'t used Grunt before, be sure to check out the Getting Started guide, as it explains how to create a Gruntfile as well as install and use Grunt plugins. Once you\'re familiar with that process, you may install this plugin with this command:</p><pre>npm install grunt-contrib-htmlmin --save-dev</pre><p>Once the plugin has been installed, it may be enabled inside your Gruntfile with this line of JavaScript:</p><pre>grunt.loadNpmTasks(\'grunt-contrib-htmlmin\');</pre>', 21, 45, 16, 1, '2014-11-03 14:46:18', NULL);
INSERT INTO `Ticket` (`id`, `name`, `description`, `storyPoints`, `creatorId`, `assigneeId`, `statusId`, `createdAt`, `updatedAt`) VALUES (DEFAULT, 'Compile Sass to CSS using Compass', '<h4><b>Getting Started</b></h4><p><br/></p><p>NOTE: This plugin requires Grunt &gt;=0.4.0</p><p><br/></p><p>If you haven\'t used Grunt before, be sure to check out the Getting Started guide, as it explains how to create a Gruntfile as well as install and use Grunt plugins. Once you\'re familiar with that process, you may install this plugin with this command:</p><pre>npm install grunt-contrib-compass --save-dev</pre><p>Once the plugin has been installed, it may be enabled inside your Gruntfile with this line of JavaScript:</p><pre>grunt.loadNpmTasks(\'grunt-contrib-compass\');</pre>', 5, 4, 18, 1, '2014-11-03 14:46:18', NULL);
INSERT INTO `Ticket` (`id`, `name`, `description`, `storyPoints`, `creatorId`, `assigneeId`, `statusId`, `createdAt`, `updatedAt`) VALUES (DEFAULT, 'Compile CoffeeScript files to JavaScript', '<h4><b>Getting Started</b></h4><p><br/></p><p>NOTE: This plugin requires Grunt ~0.4.0</p><p><br/></p><p>If you haven\'t used Grunt before, be sure to check out the Getting Started guide, as it explains how to create a Gruntfile as well as install and use Grunt plugins. Once you\'re familiar with that process, you may install this plugin with this command:</p><pre>npm install grunt-contrib-coffee --save-dev</pre><p>Once the plugin has been installed, it may be enabled inside your Gruntfile with this line of JavaScript:</p><pre>grunt.loadNpmTasks(\'grunt-contrib-coffee\');</pre>', 3, 86, 8, 1, '2014-11-03 14:46:18', NULL);
INSERT INTO `Ticket` (`id`, `name`, `description`, `storyPoints`, `creatorId`, `assigneeId`, `statusId`, `createdAt`, `updatedAt`) VALUES (DEFAULT, 'Minify SVG', '<h5>Minify SVG using SVGO</h5><h4><b><br/></b></h4><h4><b>Install</b></h4><p><br/></p><pre>$ npm install --save-dev grunt-svgmin</pre>', 5, 60, 1, 1, '2014-11-03 14:46:18', NULL);
INSERT INTO `Ticket` (`id`, `name`, `description`, `storyPoints`, `creatorId`, `assigneeId`, `statusId`, `createdAt`, `updatedAt`) VALUES (DEFAULT, 'Daily running server side mocha tests', '<h4><b>Usage</b></h4><p><br/></p><p>Install next to your project\'s Gruntfile.js with:</p><pre>npm install grunt-mocha-test --save-dev</pre><p>Note that due to some dependencies using newer features of npm it is necessary to update npm if still using the default version that ships with node 0.8. This can be done as follows:</p><pre>npm update npm -g</pre><p>On some systems it may be necessary to run this with sudo</p>', 13, 6, 1, 1, '2014-11-03 14:46:18', NULL);
INSERT INTO `Ticket` (`id`, `name`, `description`, `storyPoints`, `creatorId`, `assigneeId`, `statusId`, `createdAt`, `updatedAt`) VALUES (DEFAULT, 'Optimize RequireJS', '<p>Optimize RequireJS projects using r.js.</p><p><br/></p><h4><b>Getting Started</b></h4><p><br/></p><p>NOTE: This plugin requires Grunt ~0.4.0</p><p><br/></p><p>If you haven\'t used Grunt before, be sure to check out the Getting Started guide, as it explains how to create a Gruntfile as well as install and use Grunt plugins. Once you\'re familiar with that process, you may install this plugin with this command:</p><pre>npm install grunt-contrib-requirejs --save-dev</pre><p>Once the plugin has been installed, it may be enabled inside your Gruntfile with this line of JavaScript:</p><pre>grunt.loadNpmTasks(\'grunt-contrib-requirejs\');</pre>', 8, 1, 13, 1, '2014-11-03 14:46:18', NULL);
INSERT INTO `Ticket` (`id`, `name`, `description`, `storyPoints`, `creatorId`, `assigneeId`, `statusId`, `createdAt`, `updatedAt`) VALUES (DEFAULT, 'Lint CSS files', '<h4><b>Getting Started</b></h4><p><br/></p><p>NOTE: This plugin requires Grunt ~0.4.0</p><p><span><br/></span></p><p><span>If you haven\'t used Grunt before, be sure to check out the Getting Started guide, as it explains how to create a Gruntfile as well as install and use Grunt plugins. Once you\'re familiar with that process, you may install this plugin with this command:</span></p><pre>npm install grunt-contrib-csslint --save-dev</pre><p>Once the plugin has been installed, it may be enabled inside your Gruntfile with this line of JavaScript:</p><pre>grunt.loadNpmTasks(\'grunt-contrib-csslint\');</pre>', 25, 22, 26, 1, '2014-11-03 14:46:18', NULL);
INSERT INTO `Ticket` (`id`, `name`, `description`, `storyPoints`, `creatorId`, `assigneeId`, `statusId`, `createdAt`, `updatedAt`) VALUES (DEFAULT, 'Produce responsive images', '<h4><b>Getting Started</b></h4><p><br/></p><p>NOTE: This plugin requires Grunt ~0.4.0.</p><p><br/></p><p>If you haven\'t used Grunt before, be sure to check out the Getting Started guide, as it explains how to create a Gruntfile as well as install and use Grunt plugins. Once you\'re familiar with that process, you may install this plugin with this command:</p><pre>npm install grunt-responsive-images --save-dev</pre><p>You also need to install either GraphicsMagick or Imagemagick CLI tools.</p><p><br/></p><p><b>Installing GraphicsMagick (Recommended)</b></p><p><br/></p><p>If you\'re a Mac user and have Homebrew installed, simply type:</p><pre>brew install GraphicsMagick</pre>', 13, 99, 1, 1, '2014-11-03 14:46:18', NULL);
INSERT INTO `Ticket` (`id`, `name`, `description`, `storyPoints`, `creatorId`, `assigneeId`, `statusId`, `createdAt`, `updatedAt`) VALUES (DEFAULT, 'Run daily builds with Nodeunit unit tests.', '<h4><b>Getting Started</b></h4><p><br/></p><p>NOTE: This plugin requires Grunt ~0.4.0</p><p><br/></p><p>If you haven\'t used Grunt before, be sure to check out the Getting Started guide, as it explains how to create a Gruntfile as well as install and use Grunt plugins. Once you\'re familiar with that process, you may install this plugin with this command:</p><pre>npm install grunt-contrib-nodeunit --save-dev</pre><p>Once the plugin has been installed, it may be enabled inside your Gruntfile with this line of JavaScript:</p><pre>grunt.loadNpmTasks(\'grunt-contrib-nodeunit\');</pre>', 13, 92, 31, 1, '2014-11-03 14:46:18', NULL);
INSERT INTO `Ticket` (`id`, `name`, `description`, `storyPoints`, `creatorId`, `assigneeId`, `statusId`, `createdAt`, `updatedAt`) VALUES (DEFAULT, 'Convert AngularJS templates to JavaScript', '<h4><b>Getting Started</b></h4><p><br/></p><p>NOTE: This plugin requires Grunt ~0.4.0</p><p><br/></p><p>If you haven\'t used Grunt before, be sure to check out the Getting Started guide, as it explains how to create a Gruntfile as well as install and use Grunt plugins. Once you\'re familiar with that process, you may install this plugin with this command:</p><pre><span>npm install grunt-html2js --save-dev</span><br/></pre><p>One the plugin has been installed, it may be enabled inside your Gruntfile with this line of JavaScript:</p><pre>grunt.loadNpmTasks(\'grunt-html2js\');</pre>', 20, 79, 32, 1, '2014-11-03 14:46:18', NULL);
INSERT INTO `Ticket` (`id`, `name`, `description`, `storyPoints`, `creatorId`, `assigneeId`, `statusId`, `createdAt`, `updatedAt`) VALUES (DEFAULT, 'Automate bumping package version', '<h4><b>Getting Started</b></h4><p><br/></p><p>NOTE: This plugin requires Grunt.</p><p><br/></p><p>If you haven\'t used Grunt before, be sure to check out the Getting Started guide, as it explains how to create a Gruntfile as well as install and use Grunt plugins. Once you\'re familiar with that process, you may install this plugin with this command:</p><pre>npm install grunt-bump --save-dev</pre><p>Once the plugin has been installed, it may be enabled inside your Gruntfile with this line of JavaScript:</p><pre>grunt.loadNpmTasks(\'grunt-bump\');</pre>', 20, 23, 19, 1, '2014-11-03 14:46:18', NULL);
INSERT INTO `Ticket` (`id`, `name`, `description`, `storyPoints`, `creatorId`, `assigneeId`, `statusId`, `createdAt`, `updatedAt`) VALUES (DEFAULT, 'Run Protractor tests daily', '<h4><b>Getting Started</b></h4><p><br/></p><p>NOTE: This plugin requires Grunt ~0.4.1 and Protractor 1.x.x</p><p><br/></p><p>If you haven\'t used Grunt before, be sure to check out the Getting Started guide, as it explains how to create a Gruntfile as well as install and use Grunt plugins. Once you\'re familiar with that process, you may install this plugin with this command:</p><pre>npm install grunt-protractor-runner --save-dev</pre><p>This plugin will install protractor module locally as a normal dependency. Once the plugin has been installed, it may be enabled inside your Gruntfile with this line of JavaScript:</p><pre>grunt.loadNpmTasks(\'grunt-protractor-runner\');</pre><p>If you want to use standalone selenium server, run ./node_modules/protractor/bin/webdriver-manager update to install/update the selenium server for local installed protractor.</p>', 13, 2, 1, 1, '2014-11-03 14:46:18', NULL);
INSERT INTO `Ticket` (`id`, `name`, `description`, `storyPoints`, `creatorId`, `assigneeId`, `statusId`, `createdAt`, `updatedAt`) VALUES (DEFAULT, 'Run QUnit unit tests in a headless PhantomJS instance', '<h4><b>Getting Started</b></h4><p><br/></p><p>NOTE: This plugin requires Grunt ~0.4.0</p><p><br/></p><p>If you haven\'t used Grunt before, be sure to check out the Getting Started guide, as it explains how to create a Gruntfile as well as install and use Grunt plugins. Once you\'re familiar with that process, you may install this plugin with this command:</p><pre>npm install grunt-contrib-qunit --save-dev</pre><p>Once the plugin has been installed, it may be enabled inside your Gruntfile with this line of JavaScript:</p><pre>grunt.loadNpmTasks(\'grunt-contrib-qunit\');</pre>', 10, 44, 24, 1, '2014-11-03 14:46:18', NULL);
INSERT INTO `Ticket` (`id`, `name`, `description`, `storyPoints`, `creatorId`, `assigneeId`, `statusId`, `createdAt`, `updatedAt`) VALUES (DEFAULT, 'Precompile Underscore templates to JST file', '<h4><b>Getting Started</b></h4><p><br/></p><p>NOTE: This plugin requires Grunt ~0.4.0</p><p><br/></p><p>If you haven\'t used Grunt before, be sure to check out the Getting Started guide, as it explains how to create a Gruntfile as well as install and use Grunt plugins. Once you\'re familiar with that process, you may install this plugin with this command:</p><pre>npm install grunt-contrib-jst --save-dev</pre><p>Once the plugin has been installed, it may be enabled inside your Gruntfile with this line of JavaScript:</p><pre>grunt.loadNpmTasks(\'grunt-contrib-jst\');</pre>', 5, 58, 24, 1, '2014-11-03 14:46:18', NULL);
INSERT INTO `Ticket` (`id`, `name`, `description`, `storyPoints`, `creatorId`, `assigneeId`, `statusId`, `createdAt`, `updatedAt`) VALUES (DEFAULT, 'Check JavaScript Code Style', '<h4><b>Getting started</b></h4><p><br/></p><p>NOTE: This plugin requires Grunt ~0.4.2</p><p><br/></p><p>If you haven\'t used Grunt before, be sure to check out the Getting Started guide, as it explains how to create a Gruntfile as well as install and use Grunt plugins. Once you\'re familiar with that process, you may install this plugin with this command:</p><pre>npm install grunt-jscs --save-dev</pre><p>Once the plugin has been installed, it may be enabled inside your Gruntfile with this line of JavaScript:</p><pre>grunt.loadNpmTasks(&#34;grunt-jscs&#34;);</pre>', 10, 9, 37, 1, '2014-11-03 14:46:18', NULL);
INSERT INTO `Ticket` (`id`, `name`, `description`, `storyPoints`, `creatorId`, `assigneeId`, `statusId`, `createdAt`, `updatedAt`) VALUES (DEFAULT, 'Compile Jade templates', '<h4><b>Getting Started</b></h4><p><br/></p><p>NOTE: This plugin requires Grunt ~0.4.1</p><p><br/></p><p>If you haven\'t used Grunt before, be sure to check out the Getting Started guide, as it explains how to create a Gruntfile as well as install and use Grunt plugins. Once you\'re familiar with that process, you may install this plugin with this command:</p><pre>npm install grunt-contrib-jade --save-dev</pre><p>Once the plugin has been installed, it may be enabled inside your Gruntfile with this line of JavaScript:</p><pre>grunt.loadNpmTasks(\'grunt-contrib-jade\');</pre>', 8, 49, 12, 1, '2014-11-03 14:46:18', NULL);
INSERT INTO `Ticket` (`id`, `name`, `description`, `storyPoints`, `creatorId`, `assigneeId`, `statusId`, `createdAt`, `updatedAt`) VALUES (DEFAULT, 'Precompile Handlebars templates to JST file', '<h4><b>Getting Started</b></h4><p><br/></p><p>NOTE: This plugin requires Grunt ~0.4.0</p><p><br/></p><p>If you haven\'t used Grunt before, be sure to check out the Getting Started guide, as it explains how to create a Gruntfile as well as install and use Grunt plugins. Once you\'re familiar with that process, you may install this plugin with this command:</p><pre>npm install grunt-contrib-handlebars --save-dev</pre><p>Once the plugin has been installed, it may be enabled inside your Gruntfile with this line of JavaScript:</p><pre>grunt.loadNpmTasks(\'grunt-contrib-handlebars\');</pre>', 14, 64, 15, 1, '2014-11-03 14:46:18', NULL);
INSERT INTO `Ticket` (`id`, `name`, `description`, `storyPoints`, `creatorId`, `assigneeId`, `statusId`, `createdAt`, `updatedAt`) VALUES (DEFAULT, 'Optimize Bower packages installation', '<h4><b>Getting Started</b></h4><p><br/></p><p>If you haven\'t used grunt before, be sure to check out the Getting Started guide.</p><p><br/></p><p>Please note, this plugin works only with grunt 0.4+. If you are using grunt 0.3.x then consider an upgrade to 0.4.</p><p><br/></p><p>From the same directory as your project\'s Gruntfile and package.json, install this plugin with the following command:</p><pre>npm install grunt-bower-task --save-dev</pre><p>Once that\'s done, add this line to your project\'s Gruntfile:</p><pre>grunt.loadNpmTasks(\'grunt-bower-task\');</pre><p>If the plugin has been installed correctly, running grunt --help at the command line should list the newly-installed plugin\'s task or tasks. In addition, the plugin should be listed in package.json as a devDependency, which ensures that it will be installed whenever the npm install command is run.</p>', 20, 15, 33, 1, '2014-11-03 14:46:18', NULL);
INSERT INTO `Ticket` (`id`, `name`, `description`, `storyPoints`, `creatorId`, `assigneeId`, `statusId`, `createdAt`, `updatedAt`) VALUES (DEFAULT, 'Compile Stylus files to CSS', '<h4><b>Getting Started</b></h4><p><br/></p><p>NOTE: This plugin requires Grunt ~0.4.0</p><p><br/></p><p>If you haven\'t used Grunt before, be sure to check out the Getting Started guide, as it explains how to create a Gruntfile as well as install and use Grunt plugins. Once you\'re familiar with that process, you may install this plugin with this command:</p><pre>npm install grunt-contrib-stylus --save-dev</pre><p>Once the plugin has been installed, it may be enabled inside your Gruntfile with this line of JavaScript:</p><pre>grunt.loadNpmTasks(\'grunt-contrib-stylus\');</pre>', 8, 73, 28, 1, '2014-11-03 14:46:18', NULL);
INSERT INTO `Ticket` (`id`, `name`, `description`, `storyPoints`, `creatorId`, `assigneeId`, `statusId`, `createdAt`, `updatedAt`) VALUES (DEFAULT, 'Inject Bower dependencies into HTML', '<h4><b>What is this?</b></h4><p><br/></p><p>Grunt is great.</p><p><span>Bower is great.</span><br/></p><p><br/></p><p>And now they work great together.</p><p><br/></p><p>grunt-bower-install is a Grunt plug-in, which finds your components and injects them directly into the HTML file you specify.</p><p><br/></p><p>Whether you\'re already using Bower and Grunt, or new to both, grunt-bower-install will be easy to plug in, as you will see in the steps below.</p><p><br/></p><p>do note: Bower is still a young little birdy, so things are changing rapidly. Authors of Bower components must follow certain conventions and best practices in order for this plug-in to be as accurate as possible. It\'s not a perfect world out there, so needless to say, some Bower components may not work as well as others.</p><p><br/></p><h4><b>Getting Started</b></h4><p><br/></p><p>*If you are new to Grunt, you will find a lot of answers to your questions in their getting started guide.</p><p><br/></p><p>To install the module:</p><pre>npm install --save-dev grunt-bower-install</pre><p>Include the task in your Gruntfile:</p><pre>grunt.loadNpmTasks(\'grunt-bower-install\');</pre>', 13, 45, 16, 1, '2014-11-03 14:46:18', NULL);
INSERT INTO `Ticket` (`id`, `name`, `description`, `storyPoints`, `creatorId`, `assigneeId`, `statusId`, `createdAt`, `updatedAt`) VALUES (DEFAULT, 'Lint CoffeeScript', '<h4><b>Installation</b></h4><p><br/></p><p>Install npm package, next to your project\'s Gruntfile.js file:</p><pre>npm install grunt-coffeelint</pre><p>Add this line to your project\'s Gruntfile.js:</p><pre>grunt.loadNpmTasks(\'grunt-coffeelint\');</pre>', 8, 11, 15, 1, '2014-11-03 14:46:18', NULL);
INSERT INTO `Ticket` (`id`, `name`, `description`, `storyPoints`, `creatorId`, `assigneeId`, `statusId`, `createdAt`, `updatedAt`) VALUES (DEFAULT, 'Provide a http proxy as middleware for the grunt-contrib-connect plugin', '<h4><b>Getting Started</b></h4><p><br/></p><p>NOTE: This plugin requires Grunt ~0.4.1</p><p><br/></p><p>If you haven\'t used Grunt before, be sure to check out the Getting Started guide, as it explains how to create a Gruntfile as well as install and use Grunt plugins. Once you\'re familiar with that process, you may install this plugin with this command:</p><pre>npm install grunt-connect-proxy --save-dev</pre><p>One the plugin has been installed, it may be enabled inside your Gruntfile with this line of JavaScript:</p><pre>grunt.loadNpmTasks(\'grunt-connect-proxy\');</pre>', 10, 37, 13, 1, '2014-11-03 14:46:18', NULL);
INSERT INTO `Ticket` (`id`, `name`, `description`, `storyPoints`, `creatorId`, `assigneeId`, `statusId`, `createdAt`, `updatedAt`) VALUES (DEFAULT, 'Integrate the generation of comments based documentation into your Grunt build', '<h4><b>To your attention</b></h4><p><br/></p><p>The grunt team ask me to change the plugin name into NPM. The grunt-contrib namespace is now reserved to the tasks developed by the Grunt Team. I\'ll in a first time, deprecate the module in NPM and then update the name to grunt-jsdoc. You\'ll have to upgrade your package.json once the plugin will be removed from NPM.</p><p><br/></p><h4><b>Install</b></h4><p><br/></p><p>You need grunt &gt;= 0.4 as well as node and npm installed and running on your system.</p><p><br/></p><p>You also need java installed and available in your PATH.</p><p><br/></p><p>Install this grunt plugin next to your project\'s Gruntfile.js with:</p><pre>npm install grunt-jsdoc --save-dev</pre><h4><b>jsdoc3 3.3.0</b></h4><p><br/></p><p>The jsdoc3 team is working on the 3.3.0 version that works on node.js and doesn\'t need Rhino (Java) anymore. This version is not yet stable (flagged as alpha). If you want this plugin to use this version, you can install the beta tag of this grunt plugin (branch 0.6.x).</p><pre>npm install grunt-jsdoc@beta --save-dev</pre>', 13, 29, 35, 1, '2014-11-03 14:46:18', NULL);
INSERT INTO `Ticket` (`id`, `name`, `description`, `storyPoints`, `creatorId`, `assigneeId`, `statusId`, `createdAt`, `updatedAt`) VALUES (DEFAULT, 'Validate JSON files on build', '<h4><span><b>Install</b></span><br/></h4><p><br/></p><pre>npm install grunt-jsonlint --save-dev</pre><p><br/></p><p>NOTE: Requires grunt 0.4</p>', 10, 2, 20, 1, '2014-11-03 14:46:18', NULL);
INSERT INTO `Ticket` (`id`, `name`, `description`, `storyPoints`, `creatorId`, `assigneeId`, `statusId`, `createdAt`, `updatedAt`) VALUES (DEFAULT, 'Run tests via Sauce Labs\' Cloudified Browsers', '<h4><b>About the tool</b></h4><p><br/></p><p>The grunt-contrib-qunit task runs QUnit based test suites on PhantomJS. The saucelabs-qunit task is very similar but runs the test suites on the cloudified browser environment provided by Sauce Labs. This ensures that subject of the test runs across different browser environment. The task also uses Sauce Connect to establish a tunnel between Sauce Labs browsers and the machine running Grunt to load local pages. This is typically useful for testing pages on localhost that are not publicly accessible on the internet. The saucelabs-jasmine runs Jasmine tests in the Sauce Labs browser. The saucelabs-jasmine task requires jasmine-1.3.0. There are also saucelabs-mocha and saucelabs-yui tasks that let you run your Mocha and YUI tests on Sauce Labs cloudified browser environment.</p><p><br/></p><h4><b>Usage</b></h4><p><br/></p><p>This task is available as a node package and can be installed as npm install grunt-saucelabs. It can also be included as a devDependency in package.json in your node project.</p><p><br/></p><p>To use the task in grunt.js, load the npmTask.</p><pre>grunt.loadNpmTasks(\'grunt-saucelabs\');</pre>', 5, 58, 85, 1, '2014-11-03 14:46:18', NULL);
INSERT INTO `Ticket` (`id`, `name`, `description`, `storyPoints`, `creatorId`, `assigneeId`, `statusId`, `createdAt`, `updatedAt`) VALUES (DEFAULT, 'Compile YUIDoc Documentation', '<h4><b>Getting Started</b></h4><p><br/></p><p>This plugin requires Grunt ~0.4.0</p><p><br/></p><p>If you haven\'t used Grunt before, be sure to check out the Getting Started guide, as it explains how to create a Gruntfile as well as install and use Grunt plugins. Once you\'re familiar with that process, you may install this plugin with this command:</p><pre>npm install grunt-contrib-yuidoc --save-dev</pre><p>Once the plugin has been installed, it may be enabled inside your Gruntfile with this line of JavaScript:</p><pre>grunt.loadNpmTasks(\'grunt-contrib-yuidoc\');</pre>', 3, 34, 1, 1, '2014-11-03 14:46:18', NULL);
INSERT INTO `Ticket` (`id`, `name`, `description`, `storyPoints`, `creatorId`, `assigneeId`, `statusId`, `createdAt`, `updatedAt`) VALUES (DEFAULT, 'Inspect node stack using node-inspector', '<h4><b>Getting Started</b></h4><p><br/></p><p>If you haven\'t used grunt before, be sure to check out the Getting Started guide, as it explains how to create a gruntfile as well as install and use grunt plugins. Once you\'re familiar with that process, install this plugin with this command:</p><pre>npm install grunt-node-inspector --save-dev</pre><p>Then add this line to your project\'s Gruntfile.js gruntfile:</p><pre>grunt.loadNpmTasks(\'grunt-node-inspector\');</pre>', 5, 70, 17, 1, '2014-11-03 14:46:18', NULL);
INSERT INTO `Ticket` (`id`, `name`, `description`, `storyPoints`, `creatorId`, `assigneeId`, `statusId`, `createdAt`, `updatedAt`) VALUES (DEFAULT, 'Start (and supervise) an Express.js web server using grunt.js', '<h4><b>Getting Started</b></h4><p><br/></p><p>This plugin requires Grunt ~0.4.0</p><p><br/></p><p>If you haven\'t used Grunt before, be sure to check out the Getting Started guide, as it explains how to create a Gruntfile as well as install and use Grunt plugins. Once you\'re familiar with that process, you may install this plugin with this command:</p><pre>npm install grunt-express --save-dev</pre><p>Once the plugin has been installed, it may be enabled inside your Gruntfile with this line of JavaScript:</p><pre>grunt.loadNpmTasks(\'grunt-express\');</pre>', 8, 21, 1, 1, '2014-11-03 14:46:18', NULL);
INSERT INTO `Ticket` (`id`, `name`, `description`, `storyPoints`, `creatorId`, `assigneeId`, `statusId`, `createdAt`, `updatedAt`) VALUES (DEFAULT, 'Evaluate code maintainability using Halstead and Cyclomatic metrics', '<h4><b>Usage</b></h4><p><br/></p><pre>npm install grunt-complexity --save</pre>', 3, 83, 1, 1, '2014-11-03 14:46:18', NULL);
INSERT INTO `Ticket` (`id`, `name`, `description`, `storyPoints`, `creatorId`, `assigneeId`, `statusId`, `createdAt`, `updatedAt`) VALUES (DEFAULT, 'Compile markdown to html. Provide GFM and code highlighting support', '<p>This task takes a set of markdown files and converts them to HTML. It supports GFM with code highlighting. The code highlighting is done using highlight.js.</p><p><br/></p><h4><b>Getting Started</b></h4><p><br/></p><p>Install this grunt plugin next to your project\'s grunt.js gruntfile with:</p><pre>npm install grunt-markdown --save-dev</pre><p>Then add this line to your gruntfile:</p><pre>grunt.loadNpmTasks(\'grunt-markdown\');</pre>', 5, 7, 19, 1, '2014-11-03 14:46:18', NULL);
INSERT INTO `Ticket` (`id`, `name`, `description`, `storyPoints`, `creatorId`, `assigneeId`, `statusId`, `createdAt`, `updatedAt`) VALUES (DEFAULT, 'Setup selenium to be run from Grunt', '<p>If you haven\'t used Grunt before, be sure to check out the Getting Started guide, as it explains how to create a Gruntfile as well as install and use Grunt plugins. Once you\'re familiar with that process, you may install this plugin with this command:</p><pre>npm install grunt-selenium --save-dev</pre><p>Once the plugin has been installed, it may be enabled inside your Gruntfile with this line of JavaScript:</p><pre>grunt.loadNpmTasks(\'grunt-selenium\');</pre>', 10, 8, 1, 1, '2014-11-03 14:46:18', NULL);
INSERT INTO `Ticket` (`id`, `name`, `description`, `storyPoints`, `creatorId`, `assigneeId`, `statusId`, `createdAt`, `updatedAt`) VALUES (DEFAULT, 'Proof running jasmine-node', '<p>A task to run your jasmine feature suite using jasmine-node.</p><p><br/></p><h4><b>Getting Started</b></h4><p><br/></p><p>Install this grunt plugin next to your project\'s grunt.js gruntfile with: npm install grunt-jasmine-node</p><p><br/></p><p>Then add this line to your project\'s Gruntfile.js grunt file:</p><pre>grunt.initConfig({&#10;<span>  jasmine_node: {&#10;</span><span>    options: {&#10;</span><span>      forceExit: true,&#10;</span><span>      match: \'.\',&#10;</span><span>      matchall: false,&#10;</span><span>      extensions: \'js\',&#10;</span><span>      specNameMatcher: \'spec\',&#10;</span><span>      jUnit: {&#10;</span><span>        report: true,&#10;</span><span>        savePath : &#34;./build/reports/jasmine/&#34;,&#10;</span><span>        useDotNotation: true,&#10;</span><span>        consolidate: true&#10;</span><span>      }&#10;</span><span>    },&#10;</span><span>    all: [\'spec/\']&#10;</span><span>  }&#10;</span><span>});&#10;</span><span>&#10;grunt.loadNpmTasks(\'grunt-jasmine-node\');&#10;</span><span>grunt.registerTask(\'default\', [\'jasmine_node\']);</span></pre>', 13, 47, 27, 1, '2014-11-03 14:46:18', NULL);
INSERT INTO `Ticket` (`id`, `name`, `description`, `storyPoints`, `creatorId`, `assigneeId`, `statusId`, `createdAt`, `updatedAt`) VALUES (DEFAULT, 'Compile Handlebars templates for Ember in Grunt', '<h4><b>Getting Started</b></h4><p><br/></p><p>This plugin requires Grunt ~0.4.0</p><p><br/></p><p>If you haven\'t used Grunt before, be sure to check out the Getting Started guide, as it explains how to create a Gruntfile as well as install and use Grunt plugins. Once you\'re familiar with that process, you may install this plugin with this command:</p><pre>npm install grunt-ember-templates --save-dev</pre><p>Once the plugin has been installed, it may be enabled inside your Gruntfile with this line of JavaScript:</p><pre>grunt.loadNpmTasks(\'grunt-ember-templates\');</pre>', 10, 3, 14, 1, '2014-11-03 14:46:18', NULL);
INSERT INTO `Ticket` (`id`, `name`, `description`, `storyPoints`, `creatorId`, `assigneeId`, `statusId`, `createdAt`, `updatedAt`) VALUES (DEFAULT, 'Convert a set of images into a spritesheet and corresponding CSS variables', '<p>Convert a set of images into a spritesheet and corresponding CSS variables.</p><p><br/></p><p>A folder of icons processed by grunt-spritesmith:</p><p><br/></p><p>Fork icon + GitHub icon + Twitter icon =</p><p><br/></p><p>generates a spritesheet:</p><p><br/></p><p>Spritesheet</p><p><br/></p><p>and CSS variables (available in CSS, JSON, SASS, SCSS, LESS, Stylus):</p><p><br/></p><p>$fork_offset_x = 0px;</p><p>$fork_offset_y = 0px;</p><p>$fork_width = 32px;</p><p>$fork_height = 32px;</p><p>...</p><p>$github_offset_x = -32px;</p><p>$github_offset_y = 0px;</p><p>$github_width = 32px;</p><p>$github_height = 32px;</p><p>...</p>', 10, 32, 1, 1, '2014-11-03 14:46:18', NULL);
INSERT INTO `Ticket` (`id`, `name`, `description`, `storyPoints`, `creatorId`, `assigneeId`, `statusId`, `createdAt`, `updatedAt`) VALUES (DEFAULT, 'Lint PHP files', '<h4><b>Example Gruntfile</b></h4><h4><br/></h4><pre>var cfg = {&#10;    phplint: {&#10;        good: [&#34;test/rsrc/*-good.php&#34;],&#10;        bad: [&#34;test/rsrc/*-fail.php&#34;]&#10;    }&#10;};&#10;&#10;grunt.initConfig(cfg);&#10;&#10;grunt.loadNpmTasks(&#34;grunt-phplint&#34;);&#10;&#10;grunt.loadTasks(&#34;./tasks&#34;);&#10;&#10;grunt.registerTask(&#34;default&#34;, [&#34;phplint:good&#34;]);</pre>', 34, 2, 41, 1, '0000-00-00 00:00:00', '2014-11-03 23:20:28');
INSERT INTO `Ticket` (`id`, `name`, `description`, `storyPoints`, `creatorId`, `assigneeId`, `statusId`, `createdAt`, `updatedAt`) VALUES (DEFAULT, 'Combine matching media queries into one media query definition', '<h4><b>Getting Started</b></h4><p><br/></p><p>This plugin requires Grunt ~0.4.1</p><p><br/></p><p>If you haven\'t used Grunt before, be sure to check out the Getting Started guide, as it explains how to create a Gruntfile as well as install and use Grunt plugins. Once you\'re familiar with that process, you may install this plugin with this command:</p><pre>npm install grunt-combine-media-queries --save-dev</pre><p>Once the plugin has been installed, it may be enabled inside your Gruntfile with this line of JavaScript:</p><pre>grunt.loadNpmTasks(\'grunt-combine-media-queries\');</pre>', 13, 2, 10, 1, '0000-00-00 00:00:00', '2014-11-03 23:22:03');
INSERT INTO `Ticket` (`id`, `name`, `description`, `storyPoints`, `creatorId`, `assigneeId`, `statusId`, `createdAt`, `updatedAt`) VALUES (DEFAULT, 'Read and manipulate HTML with CSS selectors', '<p>Read and manipulate HTML documents using CSS selectors.</p><p><br/></p><p>Use this task to read and transform your HTML documents. Typical use cases include:</p><ul><li>Read the references from your script or link tags and pass those to concat,uglify, etc automatically.</li></ul><ul><li>Update HTML to remove script references or anything that is not intended for your production builds.</li></ul><ul><li>Add, update, or remove any DOM elements for any reason.</li></ul><p><br/></p><h4><b>Getting Started</b></h4><p><br/></p><p>This plugin requires Grunt ~0.4.1 and Node &gt;=0.8.</p><pre>npm install grunt-dom-munger --save-dev</pre><p>Once the plugin has been installed, it may be enabled inside your Gruntfile with this line of JavaScript:</p><pre>grunt.loadNpmTasks(\'grunt-dom-munger\');</pre>', 10, 2, 1, 1, '0000-00-00 00:00:00', '2014-11-03 18:11:11');
INSERT INTO `Ticket` (`id`, `name`, `description`, `storyPoints`, `creatorId`, `assigneeId`, `statusId`, `createdAt`, `updatedAt`) VALUES (DEFAULT, 'Add JavaScript codecoverage tool for Grunt', '<h4><b>Getting Started</b></h4><p><br/></p><p>This plugin requires Grunt ~0.4.1</p><p><br/></p><p>Install this grunt plugin next to your project\'s Gruntfile.js with: npm install grunt-istanbul</p><p><br/></p><p>Then add this line to your project\'s Gruntfile.js gruntfile:</p><pre>grunt.loadNpmTasks(\'grunt-istanbul\');</pre>', 5, 2, 1, 1, '0000-00-00 00:00:00', '2014-11-03 18:12:06');
INSERT INTO `Ticket` (`id`, `name`, `description`, `storyPoints`, `creatorId`, `assigneeId`, `statusId`, `createdAt`, `updatedAt`) VALUES (DEFAULT, 'Utilise static site generator for Grunt.js, Yeoman and Node.js.', '<h4><b>Why use Assemble?</b></h4><p><br/></p><ul><li>Most popular site generator for Grunt.js and Yeoman. Assemble is used to build hundreds of web projects, ranging in size from a single page to 14,000 pages (that we\'re aware of!). Let us know if you use Assemble.</li></ul><ul><li>Allows you to carve your HTML up into reusable fragments: partials, includes, sections, snippets... Whatever you prefer to call them, Assemble does that.</li></ul><ul><li>Optionally use layouts to wrap your pages with commonly used elements and content.</li></ul><ul><li>&#34;Pages&#34; can either be defined as HTML/templates, JSON or YAML, or directly inside the Gruntfile.</li></ul><ul><li>It\'s awesome. Lol just kidding. But seriously, Assemble... is... awesome! and it\'s fun to use.</li></ul><p>...and of course, we use Assemble to build the project\'s own documentation http://assemble.io:</p><p><br/></p><p>For more: hear Jon Schlinkert and Brian Woodward discuss Assemble on Episode 98 of the Javascript Jabber Podcast.</p>', 20, 2, 1, 1, '0000-00-00 00:00:00', '2014-11-03 18:14:23');
INSERT INTO `Ticket` (`id`, `name`, `description`, `storyPoints`, `creatorId`, `assigneeId`, `statusId`, `createdAt`, `updatedAt`) VALUES (DEFAULT, 'Lint LESS files using CSS Lint from Grunt', '<p>There\'s a plugin that compiles your LESS files, runs the generated CSS through CSS Lint, and outputs the offending LESS line for any CSS Lint errors found.</p><p><br/></p><h4><b>Installing</b></h4><div><p><br/></p></div><pre>npm install grunt-lesslint</pre><p><br/></p><h4><b>Building</b></h4><p><br/></p><ul><li>Clone the repository</li></ul><ul><li>Run npm install</li></ul><ul><li>Run grunt to compile the CoffeeScript code</li></ul><ul><li>Run grunt test to run the specs</li></ul>', 13, 2, 1, 1, '0000-00-00 00:00:00', '2014-11-03 18:16:12');
INSERT INTO `Ticket` (`id`, `name`, `description`, `storyPoints`, `creatorId`, `assigneeId`, `statusId`, `createdAt`, `updatedAt`) VALUES (DEFAULT, 'Process ES6 module import/export syntax into one of AMD, CommonJS, YUI or globals using the es6-module-transpiler', '<h4><b>Getting Started</b></h4><p><br/></p><p>This plugin requires Grunt ~0.4.1</p><p><br/></p><p>If you haven\'t used Grunt before, be sure to check out the Getting Started guide, as it explains how to create a Gruntfile as well as install and use Grunt plugins. Once you\'re familiar with that process, you may install this plugin with this command:</p><pre>npm install grunt-es6-module-transpiler --save-dev</pre><p>To use add the transpile task to your Grunt configuration.</p>', 20, 2, 1, 1, '0000-00-00 00:00:00', '2014-11-03 18:18:10');
INSERT INTO `Ticket` (`id`, `name`, `description`, `storyPoints`, `creatorId`, `assigneeId`, `statusId`, `createdAt`, `updatedAt`) VALUES (DEFAULT, 'Find plugin that performs search and replace on files.', '<h4><b>Installation</b></h4><p><br/></p><p>Install grunt-sed using npm:</p><pre>$ npm install grunt-sed</pre><p>Then add this line to your project\'s Gruntfile.js:</p><pre>grunt.loadNpmTasks(\'grunt-sed\');</pre>', 13, 2, 1, 1, '0000-00-00 00:00:00', '2014-11-03 18:20:39');
INSERT INTO `Ticket` (`id`, `name`, `description`, `storyPoints`, `creatorId`, `assigneeId`, `statusId`, `createdAt`, `updatedAt`) VALUES (DEFAULT, 'Compile TypeScript using Grunt', '<h4><b>Documentation</b></h4><p><br/></p><p>You\'ll need to install grunt-typescript first:</p><pre>npm install grunt-typescript --save-dev</pre><p>or add the following line to devDependencies in your package.json</p><pre>&#34;grunt-typescript&#34;: &#34;&#34;,</pre><p>Then modify your Gruntfile.js file by adding the following line:</p><pre>grunt.loadNpmTasks(\'grunt-typescript\');</pre>', 8, 2, 1, 1, '0000-00-00 00:00:00', '2014-11-03 18:21:59');
INSERT INTO `Ticket` (`id`, `name`, `description`, `storyPoints`, `creatorId`, `assigneeId`, `statusId`, `createdAt`, `updatedAt`) VALUES (DEFAULT, 'Optimize Google closure compile process with Grunt', '<h4><b>Google Closure Tools for grunt:</b></h4><p><br/></p><ul><li>Compiler Compile your JS code using the powerful google closure compiler</li></ul><ul><li>Builder Concatenate your JS codebase to a single file, optionally also compile it</li></ul><ul><li>DepsWriter Calculate dependencies of your JS files and generate deps.js</li></ul><ul><li>Build Status</li></ul><p><br/></p><h4><b>Getting Started</b></h4><p><br/></p><p>Install the module with: npm install grunt-closure-tools</p><pre>npm install grunt-closure-tools --save-dev</pre><p>Then register the task by adding the following line to your grunt.js:</p><pre>grunt.loadNpmTasks(\'grunt-closure-tools\');</pre>', 30, 2, 1, 1, '0000-00-00 00:00:00', '2014-11-03 18:24:20');
INSERT INTO `Ticket` (`id`, `name`, `description`, `storyPoints`, `creatorId`, `assigneeId`, `statusId`, `createdAt`, `updatedAt`) VALUES (DEFAULT, 'Sort CSS properties in specific order', '<h4><b>Getting Started</b></h4><p><br/></p><p>This plugin requires Grunt 0.4.x.</p><p><br/></p><p>If you haven\'t used Grunt before, be sure to check out the Getting Started guide, as it explains how to create a Gruntfile as well as install and use Grunt plugins. Once you\'re familiar with that process, you may install this plugin with this command:</p><pre>npm install grunt-csscomb --save-dev</pre><p>Once the plugin has been installed, it may be enabled inside your Gruntfile with this line of JavaScript:</p><pre>grunt.loadNpmTasks(\'grunt-csscomb\');</pre>', 20, 2, 1, 1, '0000-00-00 00:00:00', '2014-11-03 18:27:14');
INSERT INTO `Ticket` (`id`, `name`, `description`, `storyPoints`, `creatorId`, `assigneeId`, `statusId`, `createdAt`, `updatedAt`) VALUES (DEFAULT, 'Bind Grunt tasks to Git hooks', '<h4><b>Getting Started</b></h4><p><br/></p><p>This plugin requires Grunt ~0.4.1</p><p><br/></p><p>If you haven\'t used Grunt before, be sure to check out the Getting Started guide, as it explains how to create a Gruntfile as well as install and use Grunt plugins. Once you\'re familiar with that process, you may install this plugin with this command:</p><pre>npm install grunt-githooks --save-dev</pre><p>Once the plugin has been installed, it may be enabled inside your Gruntfile with this line of JavaScript:</p><pre>grunt.loadNpmTasks(\'grunt-githooks\');</pre>', 20, 2, 1, 1, '0000-00-00 00:00:00', '2014-11-03 18:29:03');
INSERT INTO `Ticket` (`id`, `name`, `description`, `storyPoints`, `creatorId`, `assigneeId`, `statusId`, `createdAt`, `updatedAt`) VALUES (DEFAULT, 'Interpolate template files with data and save the result to file', '<h4><b>Getting started</b></h4><h4><br/></h4><p>This plugin requires Grunt v0.4.0+.</p><p><br/></p><p>If you haven’t used Grunt before, be sure to check out the Getting Started guide, as it explains how to create a Gruntfile as well as install and use Grunt plugins. Once you’re familiar with that process, you may install this plugin with this command:</p><pre>npm install grunt-template --save-dev</pre><p>Once the plugin has been installed, it may be enabled inside your Gruntfile with this line of JavaScript:</p><p><br/></p><p>grunt.loadNpmTasks(\'grunt-template\');</p>', 23, 2, 1, 1, '0000-00-00 00:00:00', '2014-11-03 18:30:47');
INSERT INTO `Ticket` (`id`, `name`, `description`, `storyPoints`, `creatorId`, `assigneeId`, `statusId`, `createdAt`, `updatedAt`) VALUES (DEFAULT, 'Process html files at build time to modify them depending on the release environment', '<h4><b>Getting Started</b></h4><p><br/></p><p>This plugin requires Grunt ~0.4.1</p><p><br/></p><p>If you haven\'t used Grunt before, be sure to check out the Getting Started guide, as it explains how to create a Gruntfile as well as install and use Grunt plugins. Once you\'re familiar with that process, you may install this plugin with this command:</p><pre>npm install grunt-processhtml --save-dev</pre><p>Once the plugin has been installed, it may be enabled inside your Gruntfile with this line of JavaScript:</p><pre>grunt.loadNpmTasks(\'grunt-processhtml\');</pre>', 20, 2, 1, 1, '0000-00-00 00:00:00', '2014-11-03 18:32:16');
INSERT INTO `Ticket` (`id`, `name`, `description`, `storyPoints`, `creatorId`, `assigneeId`, `statusId`, `createdAt`, `updatedAt`) VALUES (DEFAULT, 'Lint .scss files', '<h4><b>Getting Started</b></h4><p><br/></p><p>This plugin requires Grunt &gt;= 0.4.0 and scss-lint &gt;= 0.18.0.</p><p><br/></p><p>If you haven\'t used Grunt before, be sure to check out the Getting Started guide, as it explains how to create a Gruntfile as well as install and use Grunt plugins. Once you\'re familiar with that process, you may install this plugin with this command:</p><pre>npm install grunt-scss-lint --save-dev</pre><p>Once the plugin has been installed, it may be enabled inside your Gruntfile with this line of JavaScript:</p><pre>grunt.loadNpmTasks(\'grunt-scss-lint\');</pre>', 28, 2, 1, 1, '0000-00-00 00:00:00', '2014-11-03 18:34:13');

COMMIT;


-- -----------------------------------------------------
-- Data for table `Sprint`
-- -----------------------------------------------------
START TRANSACTION;
INSERT INTO `Sprint` (`id`, `name`, `description`, `startDate`, `endDate`, `status`, `boardId`, `createdAt`, `updatedAt`) VALUES (1, 'Must', 'Tickets that must be finished for MVP', '2014-10-01 00:00:00', '2015-12-31 00:00:00', 'active', 3, '0000-00-00 00:00:00', '2014-10-23 23:47:23');
INSERT INTO `Sprint` (`id`, `name`, `description`, `startDate`, `endDate`, `status`, `boardId`, `createdAt`, `updatedAt`) VALUES (2, 'Should', 'Tickets that should be added to MVP', '2014-10-01 00:00:00', '2015-12-31 00:00:00', 'active', 3, '0000-00-00 00:00:00', '2014-10-23 23:47:53');
INSERT INTO `Sprint` (`id`, `name`, `description`, `startDate`, `endDate`, `status`, `boardId`, `createdAt`, `updatedAt`) VALUES (3, 'Could', 'Tickets that could be added to MVP', '2014-10-01 00:00:00', '2015-12-31 00:00:00', 'active', 3, '0000-00-00 00:00:00', '2014-10-23 23:48:24');
INSERT INTO `Sprint` (`id`, `name`, `description`, `startDate`, `endDate`, `status`, `boardId`, `createdAt`, `updatedAt`) VALUES (4, 'Won\'t', 'Tickets that won\'t be added to MVP', '2014-10-01 00:00:00', '2015-12-31 00:00:00', 'active', 3, '0000-00-00 00:00:00', '2014-10-23 23:48:47');
INSERT INTO `Sprint` (`id`, `name`, `description`, `startDate`, `endDate`, `status`, `boardId`, `createdAt`, `updatedAt`) VALUES (5, 'Sprint 0.0.1', 'First sprint', '2014-10-02 00:00:00', '2014-10-16 00:00:00', 'active', 1, '0000-00-00 00:00:00', '2014-10-27 23:48:47');
INSERT INTO `Sprint` (`id`, `name`, `description`, `startDate`, `endDate`, `status`, `boardId`, `createdAt`, `updatedAt`) VALUES (6, 'Sprint 0.0.2', 'Second sprint', '2014-10-17 00:00:00', '2014-10-31 00:00:00', 'active', 1, '0000-00-00 00:00:00', '2014-10-27 23:48:47');
INSERT INTO `Sprint` (`id`, `name`, `description`, `startDate`, `endDate`, `status`, `boardId`, `createdAt`, `updatedAt`) VALUES (7, 'Sprint 1.0.0', 'First post-release sprint', '2014-10-05 00:00:00', '2014-10-19 00:00:00', 'active', 2, '0000-00-00 00:00:00', '2014-10-27 23:48:47');
INSERT INTO `Sprint` (`id`, `name`, `description`, `startDate`, `endDate`, `status`, `boardId`, `createdAt`, `updatedAt`) VALUES (8, 'Sprint 1.0.1', 'Second port-release sprint', '2014-10-20 00:00:00', '2014-11-03 00:00:00', 'active', 2, '0000-00-00 00:00:00', '2014-10-19 00:00:00');

COMMIT;


-- -----------------------------------------------------
-- Data for table `Comment`
-- -----------------------------------------------------
START TRANSACTION;
INSERT INTO `Comment` (`id`, `text`, `status`, `userId`, `ticketId`, `createdAt`, `updatedAt`) VALUES (DEFAULT, 'Some comment A', 'active', 1, 1, DEFAULT, NULL);
INSERT INTO `Comment` (`id`, `text`, `status`, `userId`, `ticketId`, `createdAt`, `updatedAt`) VALUES (DEFAULT, 'Some comment B', 'active', 2, 1, DEFAULT, NULL);
INSERT INTO `Comment` (`id`, `text`, `status`, `userId`, `ticketId`, `createdAt`, `updatedAt`) VALUES (DEFAULT, 'Some comment C', 'active', 1, 1, DEFAULT, NULL);
INSERT INTO `Comment` (`id`, `text`, `status`, `userId`, `ticketId`, `createdAt`, `updatedAt`) VALUES (DEFAULT, 'Some comment D', 'active', 1, 1, DEFAULT, NULL);
INSERT INTO `Comment` (`id`, `text`, `status`, `userId`, `ticketId`, `createdAt`, `updatedAt`) VALUES (DEFAULT, 'Some comment E', 'active', 2, 1, DEFAULT, NULL);

COMMIT;


-- -----------------------------------------------------
-- Data for table `TimeLog`
-- -----------------------------------------------------
START TRANSACTION;
INSERT INTO `TimeLog` (`id`, `name`, `description`, `startDate`, `timeLogged`, `status`, `userId`, `ticketId`, `createdAt`, `updatedAt`) VALUES (DEFAULT, 'development', '', '2014-11-03', 300, 'pending', 6, 5, DEFAULT, NULL);
INSERT INTO `TimeLog` (`id`, `name`, `description`, `startDate`, `timeLogged`, `status`, `userId`, `ticketId`, `createdAt`, `updatedAt`) VALUES (DEFAULT, 'development', '', '2014-11-04', 60, 'active', 6, 5, DEFAULT, NULL);
INSERT INTO `TimeLog` (`id`, `name`, `description`, `startDate`, `timeLogged`, `status`, `userId`, `ticketId`, `createdAt`, `updatedAt`) VALUES (DEFAULT, 'coding', '', '2014-11-02', 30, 'deleted', 23, 9, DEFAULT, NULL);

COMMIT;


-- -----------------------------------------------------
-- Data for table `TicketLink`
-- -----------------------------------------------------
START TRANSACTION;
INSERT INTO `TicketLink` (`id`, `ticketId`, `projectId`, `boardId`, `sprintId`, `laneId`, `createdAt`, `updatedAt`) VALUES (DEFAULT, 1, 1, 1, 6, 1, DEFAULT, NULL);
INSERT INTO `TicketLink` (`id`, `ticketId`, `projectId`, `boardId`, `sprintId`, `laneId`, `createdAt`, `updatedAt`) VALUES (DEFAULT, 2, 1, 2, 7, 7, DEFAULT, NULL);
INSERT INTO `TicketLink` (`id`, `ticketId`, `projectId`, `boardId`, `sprintId`, `laneId`, `createdAt`, `updatedAt`) VALUES (DEFAULT, 3, 1, 1, 5, 3, DEFAULT, NULL);
INSERT INTO `TicketLink` (`id`, `ticketId`, `projectId`, `boardId`, `sprintId`, `laneId`, `createdAt`, `updatedAt`) VALUES (DEFAULT, 4, 1, 1, 5, 3, DEFAULT, NULL);
INSERT INTO `TicketLink` (`id`, `ticketId`, `projectId`, `boardId`, `sprintId`, `laneId`, `createdAt`, `updatedAt`) VALUES (DEFAULT, 5, 1, 2, 7, 7, DEFAULT, NULL);
INSERT INTO `TicketLink` (`id`, `ticketId`, `projectId`, `boardId`, `sprintId`, `laneId`, `createdAt`, `updatedAt`) VALUES (DEFAULT, 6, 1, 2, 7, 7, DEFAULT, NULL);
INSERT INTO `TicketLink` (`id`, `ticketId`, `projectId`, `boardId`, `sprintId`, `laneId`, `createdAt`, `updatedAt`) VALUES (DEFAULT, 7, 1, 1, 6, 1, DEFAULT, NULL);
INSERT INTO `TicketLink` (`id`, `ticketId`, `projectId`, `boardId`, `sprintId`, `laneId`, `createdAt`, `updatedAt`) VALUES (DEFAULT, 8, 1, 1, 5, 3, DEFAULT, NULL);
INSERT INTO `TicketLink` (`id`, `ticketId`, `projectId`, `boardId`, `sprintId`, `laneId`, `createdAt`, `updatedAt`) VALUES (DEFAULT, 9, 1, 2, 8, 7, DEFAULT, NULL);
INSERT INTO `TicketLink` (`id`, `ticketId`, `projectId`, `boardId`, `sprintId`, `laneId`, `createdAt`, `updatedAt`) VALUES (DEFAULT, 10, 1, 1, 6, 3, DEFAULT, NULL);
INSERT INTO `TicketLink` (`id`, `ticketId`, `projectId`, `boardId`, `sprintId`, `laneId`, `createdAt`, `updatedAt`) VALUES (DEFAULT, 11, 1, 1, 6, 2, DEFAULT, NULL);
INSERT INTO `TicketLink` (`id`, `ticketId`, `projectId`, `boardId`, `sprintId`, `laneId`, `createdAt`, `updatedAt`) VALUES (DEFAULT, 12, 1, 2, 8, 6, DEFAULT, NULL);
INSERT INTO `TicketLink` (`id`, `ticketId`, `projectId`, `boardId`, `sprintId`, `laneId`, `createdAt`, `updatedAt`) VALUES (DEFAULT, 13, 1, 1, 6, 2, DEFAULT, NULL);
INSERT INTO `TicketLink` (`id`, `ticketId`, `projectId`, `boardId`, `sprintId`, `laneId`, `createdAt`, `updatedAt`) VALUES (DEFAULT, 14, 1, 1, 6, 3, DEFAULT, NULL);
INSERT INTO `TicketLink` (`id`, `ticketId`, `projectId`, `boardId`, `sprintId`, `laneId`, `createdAt`, `updatedAt`) VALUES (DEFAULT, 15, 1, 1, 6, 1, DEFAULT, NULL);
INSERT INTO `TicketLink` (`id`, `ticketId`, `projectId`, `boardId`, `sprintId`, `laneId`, `createdAt`, `updatedAt`) VALUES (DEFAULT, 16, 1, 2, 7, 4, DEFAULT, NULL);
INSERT INTO `TicketLink` (`id`, `ticketId`, `projectId`, `boardId`, `sprintId`, `laneId`, `createdAt`, `updatedAt`) VALUES (DEFAULT, 17, 1, 1, 5, 3, DEFAULT, NULL);
INSERT INTO `TicketLink` (`id`, `ticketId`, `projectId`, `boardId`, `sprintId`, `laneId`, `createdAt`, `updatedAt`) VALUES (DEFAULT, 18, 1, 1, 5, 3, DEFAULT, NULL);
INSERT INTO `TicketLink` (`id`, `ticketId`, `projectId`, `boardId`, `sprintId`, `laneId`, `createdAt`, `updatedAt`) VALUES (DEFAULT, 19, 1, 2, 7, 4, DEFAULT, NULL);
INSERT INTO `TicketLink` (`id`, `ticketId`, `projectId`, `boardId`, `sprintId`, `laneId`, `createdAt`, `updatedAt`) VALUES (DEFAULT, 20, 1, 1, 6, 3, DEFAULT, NULL);
INSERT INTO `TicketLink` (`id`, `ticketId`, `projectId`, `boardId`, `sprintId`, `laneId`, `createdAt`, `updatedAt`) VALUES (DEFAULT, 21, 1, 1, 5, 3, DEFAULT, NULL);
INSERT INTO `TicketLink` (`id`, `ticketId`, `projectId`, `boardId`, `sprintId`, `laneId`, `createdAt`, `updatedAt`) VALUES (DEFAULT, 22, 1, 1, 6, 2, DEFAULT, NULL);
INSERT INTO `TicketLink` (`id`, `ticketId`, `projectId`, `boardId`, `sprintId`, `laneId`, `createdAt`, `updatedAt`) VALUES (DEFAULT, 23, 1, 2, 8, 4, DEFAULT, NULL);
INSERT INTO `TicketLink` (`id`, `ticketId`, `projectId`, `boardId`, `sprintId`, `laneId`, `createdAt`, `updatedAt`) VALUES (DEFAULT, 24, 1, 1, 6, 2, DEFAULT, NULL);
INSERT INTO `TicketLink` (`id`, `ticketId`, `projectId`, `boardId`, `sprintId`, `laneId`, `createdAt`, `updatedAt`) VALUES (DEFAULT, 25, 1, 2, 8, 5, DEFAULT, NULL);
INSERT INTO `TicketLink` (`id`, `ticketId`, `projectId`, `boardId`, `sprintId`, `laneId`, `createdAt`, `updatedAt`) VALUES (DEFAULT, 26, 1, 1, 6, 3, DEFAULT, NULL);
INSERT INTO `TicketLink` (`id`, `ticketId`, `projectId`, `boardId`, `sprintId`, `laneId`, `createdAt`, `updatedAt`) VALUES (DEFAULT, 27, 1, 2, 7, 7, DEFAULT, NULL);
INSERT INTO `TicketLink` (`id`, `ticketId`, `projectId`, `boardId`, `sprintId`, `laneId`, `createdAt`, `updatedAt`) VALUES (DEFAULT, 28, 1, 2, 8, 7, DEFAULT, NULL);
INSERT INTO `TicketLink` (`id`, `ticketId`, `projectId`, `boardId`, `sprintId`, `laneId`, `createdAt`, `updatedAt`) VALUES (DEFAULT, 29, 1, 1, 5, 3, DEFAULT, NULL);
INSERT INTO `TicketLink` (`id`, `ticketId`, `projectId`, `boardId`, `sprintId`, `laneId`, `createdAt`, `updatedAt`) VALUES (DEFAULT, 30, 1, 1, 6, 3, DEFAULT, NULL);
INSERT INTO `TicketLink` (`id`, `ticketId`, `projectId`, `boardId`, `sprintId`, `laneId`, `createdAt`, `updatedAt`) VALUES (DEFAULT, 31, 1, 1, 6, 2, DEFAULT, NULL);
INSERT INTO `TicketLink` (`id`, `ticketId`, `projectId`, `boardId`, `sprintId`, `laneId`, `createdAt`, `updatedAt`) VALUES (DEFAULT, 32, 1, 1, 5, 3, DEFAULT, NULL);
INSERT INTO `TicketLink` (`id`, `ticketId`, `projectId`, `boardId`, `sprintId`, `laneId`, `createdAt`, `updatedAt`) VALUES (DEFAULT, 33, 1, 1, 5, 3, DEFAULT, NULL);
INSERT INTO `TicketLink` (`id`, `ticketId`, `projectId`, `boardId`, `sprintId`, `laneId`, `createdAt`, `updatedAt`) VALUES (DEFAULT, 34, 1, 2, 8, 5, DEFAULT, NULL);
INSERT INTO `TicketLink` (`id`, `ticketId`, `projectId`, `boardId`, `sprintId`, `laneId`, `createdAt`, `updatedAt`) VALUES (DEFAULT, 35, 1, 2, 7, 7, DEFAULT, NULL);
INSERT INTO `TicketLink` (`id`, `ticketId`, `projectId`, `boardId`, `sprintId`, `laneId`, `createdAt`, `updatedAt`) VALUES (DEFAULT, 36, 1, 1, 6, 3, DEFAULT, NULL);
INSERT INTO `TicketLink` (`id`, `ticketId`, `projectId`, `boardId`, `sprintId`, `laneId`, `createdAt`, `updatedAt`) VALUES (DEFAULT, 37, 1, 1, 6, 1, DEFAULT, NULL);
INSERT INTO `TicketLink` (`id`, `ticketId`, `projectId`, `boardId`, `sprintId`, `laneId`, `createdAt`, `updatedAt`) VALUES (DEFAULT, 38, 1, 2, 8, 6, DEFAULT, NULL);
INSERT INTO `TicketLink` (`id`, `ticketId`, `projectId`, `boardId`, `sprintId`, `laneId`, `createdAt`, `updatedAt`) VALUES (DEFAULT, 39, 1, 2, 8, 4, DEFAULT, NULL);
INSERT INTO `TicketLink` (`id`, `ticketId`, `projectId`, `boardId`, `sprintId`, `laneId`, `createdAt`, `updatedAt`) VALUES (DEFAULT, 40, 1, 1, 6, 1, DEFAULT, NULL);
INSERT INTO `TicketLink` (`id`, `ticketId`, `projectId`, `boardId`, `sprintId`, `laneId`, `createdAt`, `updatedAt`) VALUES (DEFAULT, 41, 1, 1, 5, 3, DEFAULT, NULL);
INSERT INTO `TicketLink` (`id`, `ticketId`, `projectId`, `boardId`, `sprintId`, `laneId`, `createdAt`, `updatedAt`) VALUES (DEFAULT, 42, 1, 1, 6, 1, DEFAULT, NULL);
INSERT INTO `TicketLink` (`id`, `ticketId`, `projectId`, `boardId`, `sprintId`, `laneId`, `createdAt`, `updatedAt`) VALUES (DEFAULT, 43, 1, 1, 5, 3, DEFAULT, NULL);
INSERT INTO `TicketLink` (`id`, `ticketId`, `projectId`, `boardId`, `sprintId`, `laneId`, `createdAt`, `updatedAt`) VALUES (DEFAULT, 44, 1, 2, 7, 7, DEFAULT, NULL);
INSERT INTO `TicketLink` (`id`, `ticketId`, `projectId`, `boardId`, `sprintId`, `laneId`, `createdAt`, `updatedAt`) VALUES (DEFAULT, 45, 1, 2, 7, 4, DEFAULT, NULL);
INSERT INTO `TicketLink` (`id`, `ticketId`, `projectId`, `boardId`, `sprintId`, `laneId`, `createdAt`, `updatedAt`) VALUES (DEFAULT, 46, 1, 2, 8, 5, DEFAULT, NULL);
INSERT INTO `TicketLink` (`id`, `ticketId`, `projectId`, `boardId`, `sprintId`, `laneId`, `createdAt`, `updatedAt`) VALUES (DEFAULT, 47, 1, 2, 8, 6, DEFAULT, NULL);
INSERT INTO `TicketLink` (`id`, `ticketId`, `projectId`, `boardId`, `sprintId`, `laneId`, `createdAt`, `updatedAt`) VALUES (DEFAULT, 48, 1, 3, 1, 8, DEFAULT, NULL);
INSERT INTO `TicketLink` (`id`, `ticketId`, `projectId`, `boardId`, `sprintId`, `laneId`, `createdAt`, `updatedAt`) VALUES (DEFAULT, 49, 1, 3, 1, 8, DEFAULT, NULL);
INSERT INTO `TicketLink` (`id`, `ticketId`, `projectId`, `boardId`, `sprintId`, `laneId`, `createdAt`, `updatedAt`) VALUES (DEFAULT, 50, 1, 3, 2, 8, DEFAULT, NULL);
INSERT INTO `TicketLink` (`id`, `ticketId`, `projectId`, `boardId`, `sprintId`, `laneId`, `createdAt`, `updatedAt`) VALUES (DEFAULT, 51, 1, 3, 2, 8, DEFAULT, NULL);
INSERT INTO `TicketLink` (`id`, `ticketId`, `projectId`, `boardId`, `sprintId`, `laneId`, `createdAt`, `updatedAt`) VALUES (DEFAULT, 52, 1, 3, 3, 8, DEFAULT, NULL);
INSERT INTO `TicketLink` (`id`, `ticketId`, `projectId`, `boardId`, `sprintId`, `laneId`, `createdAt`, `updatedAt`) VALUES (DEFAULT, 53, 1, 3, 3, 8, DEFAULT, NULL);
INSERT INTO `TicketLink` (`id`, `ticketId`, `projectId`, `boardId`, `sprintId`, `laneId`, `createdAt`, `updatedAt`) VALUES (DEFAULT, 54, 1, 3, 4, 8, DEFAULT, NULL);
INSERT INTO `TicketLink` (`id`, `ticketId`, `projectId`, `boardId`, `sprintId`, `laneId`, `createdAt`, `updatedAt`) VALUES (DEFAULT, 55, 1, 3, 2, 8, DEFAULT, NULL);
INSERT INTO `TicketLink` (`id`, `ticketId`, `projectId`, `boardId`, `sprintId`, `laneId`, `createdAt`, `updatedAt`) VALUES (DEFAULT, 56, 1, 3, 3, 8, DEFAULT, NULL);
INSERT INTO `TicketLink` (`id`, `ticketId`, `projectId`, `boardId`, `sprintId`, `laneId`, `createdAt`, `updatedAt`) VALUES (DEFAULT, 57, 1, 3, 4, 8, DEFAULT, NULL);
INSERT INTO `TicketLink` (`id`, `ticketId`, `projectId`, `boardId`, `sprintId`, `laneId`, `createdAt`, `updatedAt`) VALUES (DEFAULT, 58, 1, 3, 3, 8, DEFAULT, NULL);
INSERT INTO `TicketLink` (`id`, `ticketId`, `projectId`, `boardId`, `sprintId`, `laneId`, `createdAt`, `updatedAt`) VALUES (DEFAULT, 59, 1, 3, 2, 8, DEFAULT, NULL);
INSERT INTO `TicketLink` (`id`, `ticketId`, `projectId`, `boardId`, `sprintId`, `laneId`, `createdAt`, `updatedAt`) VALUES (DEFAULT, 60, 1, 3, 3, 8, DEFAULT, NULL);

COMMIT;


-- -----------------------------------------------------
-- Data for table `TicketActivity`
-- -----------------------------------------------------
START TRANSACTION;
INSERT INTO `TicketActivity` (`id`, `ticketId`, `type`, `field`, `originalValue`, `newValue`, `userId`, `createdAt`, `updatedAt`) VALUES (1, 1, 1, '', NULL, NULL, 2, DEFAULT, NULL);
INSERT INTO `TicketActivity` (`id`, `ticketId`, `type`, `field`, `originalValue`, `newValue`, `userId`, `createdAt`, `updatedAt`) VALUES (2, 1, 2, 'Name', 'Old name', 'Updated name', 4, DEFAULT, NULL);
INSERT INTO `TicketActivity` (`id`, `ticketId`, `type`, `field`, `originalValue`, `newValue`, `userId`, `createdAt`, `updatedAt`) VALUES (3, 2, 2, 'Description', 'Old desc', 'Updated desc', 5, DEFAULT, NULL);
INSERT INTO `TicketActivity` (`id`, `ticketId`, `type`, `field`, `originalValue`, `newValue`, `userId`, `createdAt`, `updatedAt`) VALUES (4, 3, 2, 'Story Points', '1', '2', 3, DEFAULT, NULL);
INSERT INTO `TicketActivity` (`id`, `ticketId`, `type`, `field`, `originalValue`, `newValue`, `userId`, `createdAt`, `updatedAt`) VALUES (5, 5, 2, 'Name', 'Some name Abc', 'New name def', 6, DEFAULT, NULL);

COMMIT;


-- -----------------------------------------------------
-- Data for table `Tag`
-- -----------------------------------------------------
START TRANSACTION;
INSERT INTO `Tag` (`id`, `name`, `description`, `status`, `createdAt`, `updatedAt`) VALUES (1, 'In progress', 'Anything in progress', 'active', DEFAULT, NULL);
INSERT INTO `Tag` (`id`, `name`, `description`, `status`, `createdAt`, `updatedAt`) VALUES (2, 'Done', 'Finished', 'active', DEFAULT, NULL);

COMMIT;

